period,number_of_days,average_daily_demand,median_daily_demand,p95_daily_demand,maximum_daily_demand,pickup_share
December,31,4408.129032258064,5229.0,7046.5,8259,0.6415493370020198
Rest of year,334,3638.323353293413,4062.5,5470.8499999999985,7103,0.6433023370638578
November-December,61,4087.622950819672,4386.0,6877.0,8259,0.6416531312037539
January-October,304,3626.6677631578946,4052.5,5374.4,6468,0.6434580460713628
