cbs_square,753,3343,1934,5820,4356,1739,7859,2155,5706,3513,4431,1204,718,657,4387,2075,931,417,284,6767,3921,7229,4354,8282,2096,1176,7422,4987,5499,1258,4440,3155,1026,6908,1379
E1725N3160,9.335167601569,6.302414923423001,4.983768086745999,11.709789118604997,1.2242003352520001,3.9589184777720003,8.856514822268,9.553555689012999,6.1022364925230015,6.284021917803001,7.182760074698,10.516711196835999,10.879026067948999,13.862662596389,5.672797917025999,3.6343694667920006,10.756462347654999,11.549375253596999,12.839205224983,9.785553569054002,12.194760260824,8.310924210128002,5.052025633413001,4.874466249849,10.682476930986,9.958758384266,6.7308295235690005,7.481985748677001,6.455969959678,4.156934171112001,4.8609064763830006,6.942478369364999,6.649554214606001,6.751286872663,2.600638410862
E1725N3170,8.967764848115001,4.507624734697999,4.6163653332919985,10.447436452227997,3.2978607157010007,3.1347647498740008,8.032125662877997,8.926957893369002,4.307446303798001,4.489231729077999,6.494003334771999,10.149308443382,10.511623314495,13.495259842935006,5.305395163571997,0.887691584161,10.389059594201,11.181972500143004,12.471802471529006,9.418150815600002,11.370371101433998,7.622167470202,3.2572354446880007,3.099450681491001,10.202085696502998,9.567089117402,4.936039334843999,6.793229008750999,5.193617293300996,3.8085899255100006,4.124284948593,5.680125702987997,6.282151461152,4.956496683937998,1.9298028892609997
E1725N3180,12.189195068826995,9.156442390681,7.837795554003998,14.563816585862993,4.07822780251,6.81294594503,11.710542289526,12.407583156270995,8.956263959781001,9.138049385061,10.036787541955999,13.370738664093997,13.733053535206995,16.716690063646997,8.526825384283999,6.488396934050001,13.610489814912997,14.403402720854999,15.693232692240997,12.639581036311998,15.048787728081997,11.164951677386002,7.906053100671,7.728493717106998,13.536504398243999,12.812785851523998,9.584856990827,10.336013215935,9.309997426935999,7.0109616383699995,7.714933943640999,9.796505836622998,9.503581681864,9.605314339921,5.45466587812
E1725N3185,11.718959805369,8.686207127223,7.367560290545998,14.093581322404997,3.6079925390520002,6.342710681572,11.240307026068,11.937347892813001,8.486028696323,8.667814121603,9.566552278497998,12.900503400636,13.262818271749,16.246454800189003,8.056590120825998,6.018161670592001,13.140254551455,13.933167457397001,15.222997428783003,12.169345772854003,14.578552464624002,10.694716413928,7.435817837213,7.258258453649,13.066269134786001,12.342550588066002,9.114621727369,9.865777952477002,8.839762163478,6.5407263749119995,7.244698680182999,9.326270573164999,9.033346418406,9.135079076463,4.984430614662
E1725N3190,12.116418722019,9.083666043873,7.765019207195998,14.491040239054998,4.0054514557020005,6.740169598222,11.637765942718001,12.334806809463,8.883487612973001,9.065273038252998,9.964011195147998,13.297962317285998,13.660277188398998,16.643913716839002,8.454049037475999,6.4156205872420005,13.537713468104998,14.330626374047,15.620456345433002,12.566804689504002,14.976011381274,11.092175330578,7.833276753863,7.655717370299,13.463728051436,12.740009504716001,9.512080644018999,10.263236869127,9.237221080127998,6.938185291561999,7.642157596832999,9.723729489814998,9.430805335055998,9.532537993113,5.381889531312
E1725N3195,13.525974107826995,10.493221429681,9.174574593003998,15.900595624862992,5.41500684151,8.14972498403,13.047321328526,13.744362195270995,10.293042998781,10.474828424060998,11.373566580955998,14.707517703093997,15.069832574206993,18.053469102647,9.863604423283999,7.82517597305,14.947268853912997,15.740181759854996,17.030011731240997,13.976360075311998,16.385566767081997,12.501730716386,9.242832139671,9.065272756106998,14.873283437243998,14.149564890523997,10.921636029826999,11.672792254935,10.646776465935998,8.347740677369998,9.051712982640998,11.133284875622998,10.840360720863998,10.942093378921,6.791444917120001
E1730N3150,9.355411598734001,6.322658920587999,5.004012083910998,11.730033115769999,1.244444332417,3.9791624749370005,8.876758819433002,9.573799686178,6.122480489688,6.304265914967999,7.203004071862998,10.536955194001001,10.899270065114,13.882906593554003,5.693041914190998,3.6546134639570003,10.776706344820001,11.569619250762,12.859449222148003,9.805797566219004,12.215004257989001,8.331168207293,5.072269630577999,4.894710247013998,10.702720928151003,9.979002381431002,6.751073520733999,7.5022297458419995,6.476213956842998,4.177178168277,4.881150473547998,6.962722366529998,6.669798211770999,6.771530869827998,2.620882408027
E1730N3155,8.458923240516999,5.426170562371,4.107523725693999,10.833544757552996,0.3479559742,3.0826741167200002,7.9802704612160005,8.677311327960998,5.225992131471001,5.407777556751001,6.306515713645999,9.640466835783998,10.002781706896998,12.986418235337,4.796553555974,2.7581251057400005,9.880217986602998,10.673130892545,11.962960863931,8.909309208002002,11.318515899771999,7.4346798490760015,4.175781272361,3.998221888796999,9.806232569934,9.082514023214,5.854585162517,6.6057413876250015,5.579725598626,3.28068981006,3.9846621153309996,6.066234008313,5.773309853554,5.875042511611,1.72439404981
E1730N3160,8.295316390397002,4.231873463287,3.943916875574,10.171685180816995,1.5227777710899997,2.5821698781360003,7.756374391466999,8.513704477841,4.031695032387001,4.213480457667,6.1429088635259985,9.476859985663998,9.839174856776998,12.822811385217,4.632946705853999,1.5318915263999997,9.716611136482998,10.509524042425,11.799354013811,8.745702357882003,11.094619830022996,7.271072998956001,2.981484173277,2.82369941008,9.642625719814,8.918907173094002,4.660288063433,6.442134537505001,4.917866021889998,3.117082959940001,3.781642446748001,5.404374431576998,5.609703003433999,4.680745412527,0.6129818525199998
E1730N3165,8.520777442067,4.208776430836,4.169377927244,10.148588148366,1.7838247427000002,2.687777343826,7.733277359015999,8.628109589507003,4.008597999936001,4.190383425216001,6.195155030910001,9.702321037334,10.064635908447,13.048272436887006,4.858407757524,1.290272065199,9.942072188153,10.734985094095006,12.024815065481008,8.971163409552002,11.071522797572001,7.323319166340002,2.958387140826001,2.8006023776290014,9.868086771484,9.144368224764,4.637191030981999,6.494380704889001,4.894768989438997,3.3616025194620005,3.8254366447310004,5.381277399125999,5.835164055104,4.657648380075999,0.6311730379099998
E1730N3170,8.609308046348,4.149167932931,4.257908531525,10.088979650460997,2.939403913934,2.7763079481070005,7.673668861110999,8.568501091602,3.9489895020310004,4.130774927311,6.135546533005,9.790851641614998,10.153166512728,13.136803041168005,4.946938361804998,0.529234782394,10.030602792433998,10.823515698376005,12.113345669762007,9.059694013833,11.011914299666996,7.263710668435001,2.8987786429210005,2.7409938797240008,9.843628894735998,9.208632315634999,4.577582533076999,6.434772206984,4.835160491533997,3.4501331237430004,3.765828146826,5.321668901220998,5.923694659385001,4.598039882170999,1.5713460874939997
E1730N3175,8.738174892884,4.278034779466999,4.386775378061,10.217846496996998,3.0682707604699995,2.9051747946429995,7.802535707646999,8.697367938138001,4.077856348567,4.259641773847,6.264413379541001,9.919718488150998,10.282033359264,13.265669887704005,5.075805208340999,0.6581016289299999,10.159469638969998,10.952382544912005,12.242212516298007,9.188560860369002,11.140781146202997,7.392577514971002,3.0276454894569995,2.8698607262599998,9.972495741271997,9.337499162171,4.706449379613,6.563639053520001,4.9640273380699975,3.5789999702789994,3.894694993361999,5.450535747756999,6.052561505921001,4.726906728707,1.70021293403
E1730N3180,8.925592658909,3.412498759117,4.565865931902,9.760889643665,5.522186157428,3.913848592427,7.345578854314999,8.841724693998,3.212320328217001,3.394105753497,6.408770135401,10.147269151331997,10.508072887431995,13.493220550885,5.303355871522,4.063904719794001,10.387020302150999,11.179933208092997,12.429630282322996,9.375978626393998,10.683824292870998,7.536934270831002,3.168156228617001,2.961606012010001,10.116852497131994,9.481855918030996,0.12189687101300001,6.707995809380001,4.963749048870001,4.755992010962999,4.039051749222001,5.450257458557,6.280112169102,3.455956185107001,4.186064811243999
E1730N3185,8.530674576471998,2.797505748910001,4.170947849465,9.365971561228,5.127268074991,3.5189305099899992,6.950660771877999,8.446806611560998,1.2069512978400003,2.1018075714089997,6.013852052964,9.752351068894997,10.113154804994997,13.098302468448,4.908437789085,3.6689866373570004,9.992102219713999,10.785015125655999,12.034712199885996,8.981060543956998,10.288906210434,7.142016188394001,2.7732381461800006,2.5666879295730003,9.721934414694996,9.086937835593996,2.4604590837960005,6.313077726943,4.5688309664330005,4.3610739285259985,3.644133666785,5.055339376119999,5.885194086664999,1.09868012779,3.791146728807
E1730N3190,9.103775328401998,2.8298469637120003,4.744048601395,9.660621821951997,5.700368826920999,4.09203126192,7.245311032601999,9.019907363490999,1.239292512642,2.134148786210999,6.5869528048940005,10.325451820824997,10.686255556924996,13.671403220378,5.481538541015,4.2420873892870015,10.565202971644,11.358115877585998,12.607812951815998,9.554161295886997,10.583556471157998,7.715116940324001,3.346338898110001,3.1397886815030005,10.295035166624995,9.660038587523998,3.0335598357260007,6.886178478873,4.863481227157,4.934174680455999,4.217234418715,5.129339682984998,6.458294838594999,0.48425028952000004,4.364247480737
E1730N3200,14.429773740486995,11.397021062341,10.078374225663998,16.80439525752299,6.31880647417,9.053524616690002,13.951120961186,14.648161827930995,11.196842631441001,11.378628056721,12.277366213615998,15.611317335753997,15.973632206866995,18.957268735307,10.767404055943999,8.728975605710001,15.851068486572997,16.643981392515,17.933811363900997,14.880159707971998,17.289366399741997,13.405530349046002,10.146631772331,9.969072388766998,15.777083069903998,15.053364523183998,11.825435662487,12.576591887595,11.550576098595998,9.251540310029998,9.955512615300998,12.037084508282998,11.744160353523998,11.845893011581,7.69524454978
E1730N3205,14.693412646126994,11.660659967981,10.342013131303997,17.06803416316299,6.58244537981,9.31716352233,14.214759866825998,14.911800733570994,11.460481537081,11.642266962360997,12.541005119255997,15.874956241393996,16.237271112506992,19.220907640947,11.031042961583996,8.99261451135,16.114707392212996,16.907620298155,18.197450269540997,15.143798613611995,17.553005305381998,13.669169254685999,10.410270677970999,10.232711294406997,16.040721975543995,15.317003428823996,12.089074568126998,12.840230793235,11.814215004235997,9.515179215669997,10.219151520940997,12.300723413922997,12.007799259163997,12.109531917220998,7.9588834554200005
E1735N3145,9.025482774831,7.0536952911110005,5.121350485143,11.849792312134996,1.9754807029399999,4.710198845460001,8.994097220665003,9.243870862275,6.853516860211001,7.035302285491,7.3203424730950015,10.207026370097994,10.569341241210997,13.55297776965099,5.363113090288,4.385649834480001,10.446777520916998,11.239690426858997,12.529520398244994,9.475868742316,12.332342659221002,8.448506608525001,5.803306001101,5.625746617536998,10.372792104247997,9.649073557527997,7.482109891256999,7.619568147074003,6.652657511820002,3.884512481819,4.99848887478,7.139165921507002,5.599717374848001,7.5025672403509995,3.351918778550001
E1735N3150,9.267350783356996,6.234598105211,4.915951268533998,11.641972300392993,1.15638351704,3.8911016595600003,8.788698004056,9.485738870800997,6.034419674311001,6.216205099591001,7.114943256485999,10.448894378623997,10.811209249736995,13.794845778176997,5.604981098813999,3.56655264858,10.688645529442997,11.481558435384999,12.771388406770999,9.717736750841999,12.126943442612,8.243107391916,4.984208815201,4.806649431636998,10.614660112773999,9.890941566054,6.663012705357,7.414168930465001,6.388153141466,4.0891173529,4.793089658171,6.874661551152999,6.418814560748001,6.683470054451,2.532821592650001
E1735N3155,8.043693841225,5.053156730126999,3.6922943264020005,10.420736153393998,0.5658179257060001,2.709660284476,7.565041061924,8.262081928668998,4.852978299227,5.034763724507,5.891286314353999,9.225237436492007,9.587552307605007,12.571188836045003,4.381324156682001,2.3851112734960003,9.464988587311009,10.257901493253003,11.547731464639003,8.494079808710003,10.903286500480002,7.019450449784,3.8027674401170004,3.625208056552999,9.391003170642009,8.667284623922002,5.481571330272999,6.190511988333,5.206711766381999,2.7090517808009995,3.5694327160389996,5.693220176068999,5.358080454262,5.502028679366999,1.3513802175659997
E1735N3160,7.587751692516999,4.484243258311,3.236352177693999,9.962373209552997,0.59397132986,2.21150256872,7.109098913216,7.806139779960999,4.284064827411001,4.465850252691,5.435344165645999,8.769295287783997,9.131610158896997,12.115246687336999,3.9253820079739996,1.81619780168,9.009046438602997,9.801959344544999,11.091789315931,8.038137660002,10.447344351772,6.563508301076001,3.233853968301,3.056294584736999,8.935061021934,8.211342475214,4.912657858457,5.734569839625001,4.708554050626,2.4095182620599997,3.1134905673309996,5.195062460312999,4.902138305554,4.933115207551,0.78246674575
E1735N3165,7.738537244178,3.8091548098169996,3.3871377293550005,9.650840288629997,1.33229873914,1.9055371459369996,7.235529499279999,7.956925331621998,3.608976378917,3.790761804197,5.586129717307002,8.920080839445,9.282395710558,12.266032238998005,4.076167559635,1.10917287293,9.159831990264,9.952744896206005,11.242574867592007,8.188923211663,10.573774937835998,6.714293852737001,2.558765519807,2.4009807566099997,9.085846573595,8.362128026874998,4.237569409963,5.885355391286001,4.397021129703001,2.579362321573001,3.105009714549001,4.88352953939,5.052923857215001,4.2580267590570005,0.155907074
E1735N3170,7.768199314344,3.3080592009269996,3.4167997995209993,9.247870918456998,2.0982951819299998,1.9351992161029998,6.832560129107,7.727392359597999,3.107880770027,3.289666195307,5.294437801001002,8.949742909610999,9.312057780724,12.295694309164006,4.105829629801,0.38955483528999996,9.189494060429999,9.982406966372006,11.272236937758008,8.218585281829,10.170805567662997,6.422601936431002,2.057669910917,1.89988514772,9.002520162731999,8.367523583631,3.7364738010729996,5.593663474980001,3.9940517595299982,2.6090243917389997,2.9247194148219995,4.480560169216999,5.082585927381002,3.756931150167,0.7302373554900001
E1735N3175,7.885377960288997,2.55941252667,3.5256512332819994,8.849582427055001,3.609627921038,2.0781994243700006,6.434271637704998,7.801509995377996,2.359234095770001,2.5410195210500004,5.368555436780998,9.107054452712,9.467858188811999,12.453005852265003,4.2631411729019995,2.1513464834040006,9.346805603531,10.139718509473001,11.389415583703,8.335763927773996,9.772517076261002,6.496719572210999,0.29073500606,1.955085411097,9.076637798511998,8.441641219410997,2.9878271268160006,5.667781110759998,4.05244183226,2.8434337745729996,2.9988370506019995,4.538950241946997,5.239897470481997,3.008284475910001,2.273506574854
E1735N3180,7.961082549562,2.4479886497699996,3.6013558225549995,8.796379534318,4.5576760480809995,2.9493384830799996,6.381068744967999,7.877214584650998,2.24781021887,2.4295956441499995,5.444260026054001,9.182759041984996,9.543562778084995,12.528710441538,4.3388457621750005,3.0993946104470007,9.422510192804,10.215423098745998,11.465120172975997,8.411468517046998,9.719314183523998,6.572424161484001,2.2036461192700005,1.9970959026630002,9.152342387784994,8.517345808683997,0.991351984006,5.743485700033,3.9992389395230012,3.791481901615999,3.0745416398750005,4.4857473492099995,5.315602059754999,2.49144607576,3.221554701897
E1735N3185,7.819182772521999,2.3060888727299997,3.4594560455149996,8.654479757278,4.415776271041,2.8074387060399997,6.2391689679279985,7.735314807610998,1.8722253562900002,2.2876958671099996,5.302360249014,9.040859264944999,9.401663001044998,12.386810664498002,4.196945985135001,2.9574948334070004,9.280610415764,10.073523321706,11.323220395935998,8.269568740006997,9.577414406484,6.430524384444001,2.06174634223,1.855196125623,9.010442610744997,8.375446031643998,1.748967279846,5.601585922993,3.857339162483001,3.649582124575999,2.932641862835,4.34384757217,5.173702282714999,1.7639541862399999,3.079654924857
E1735N3190,8.826035870394,2.44784870775,4.466309143387,9.278623565990003,5.631004385331,3.8654958123390006,6.863312776639999,8.742167905482999,0.85729425668,1.746068595057,6.309213346886001,10.047712362816998,10.408516098916996,13.393663762370002,5.203799083007,4.172722947697,10.287463513636,11.080376419578,12.330073493808,9.276421837879,10.201558215196002,7.437377482316001,3.2769744565200005,2.862049223495,9.982997044809002,9.382299129516,3.5268129917960005,6.608439020865,4.481482971195,4.696092704782001,3.9394949607070004,4.74474590739,6.180555380587001,0.36161629138,4.294883039147
E1735N3195,8.559395737475,2.1152784498970005,4.2879723268340015,9.000697154306001,5.452667568778,3.6871589957860014,6.585386364956,8.475527772563998,0.697730340337,1.382597329047,6.042573213967,9.869375546263997,10.141875965997997,13.215326945816999,5.025462266454,3.9943861311440014,10.052869180429997,10.902039603024997,12.063433360888995,9.00978170496,9.923631803512004,7.170737349397002,3.0986376399670013,2.683712406942001,9.705070633125002,9.115658996597,3.816031078713001,6.341798887946001,4.203556559511,4.517755888229001,3.761158144154001,4.381274641379999,6.002218564034001,0.48364320062,4.116546222594001
E1735N3205,11.377578062680003,5.4572890717760005,7.977771975241999,11.140997424643,10.488219889001002,8.09898445846,8.725686635293002,11.143072816527,7.003534421709,6.016231584980001,8.860755539172002,12.309565354526,12.870148735213998,15.513613973857,8.715261914861998,9.029938451366998,12.549316505345,13.540497920861998,14.861379943001001,11.827964030165,12.063932073849001,9.927931506601,8.13418996019,7.136653645141,11.845370903462001,11.895070229319,8.851583398936,9.159981213151001,7.285456644755,8.619464414805,7.505488021843999,6.319370195403001,9.692018212442001,7.652584801849,9.152098542817
E1740N3140,8.661384069191,7.4177939967510005,4.757251779503,11.485693606494994,2.3395794085799997,4.507649012436,8.629998515025001,8.879772156635,7.217615565851,7.399400991131,6.9562437674550015,9.842927664457994,10.205242535570996,13.188879064010989,4.999014384648,4.749748540120001,10.082678815276997,10.875591721218996,12.165421692604994,9.111770036676,11.968243953581,8.084407902885001,6.167404706741,5.336010761549001,10.008693398607997,9.284974851887995,7.846208596896999,7.255469441434003,6.288558806180002,3.520413776179,4.63439016914,6.775067215867002,5.235618669208001,7.8666659459909996,3.716017484190001
E1740N3155,7.630679543706999,5.2691426519730005,3.279280028884,10.007721855875994,1.3671662747020001,2.728443660202,7.152026764406,7.849067631150999,5.068964221073001,5.250749646353,5.478272016836,8.812223138974,9.174538010086998,12.158174538526998,3.9683098591639996,2.601097195342,9.051974289793,9.844887195735,11.134717167121,8.081065511192001,10.490272202962,6.606436152266,4.018753361963001,3.6816571524499992,8.977988873124,8.254270326403999,5.697557252119,5.777497690815002,4.810587055561001,2.04244202556,3.1564184185209996,5.297095465248001,4.945066156744,5.7180146012129995,1.567366139412
E1740N3160,6.9991074041840005,4.576845558026001,2.6477078893610004,9.376149716352991,1.26161807381,1.841823978272,6.520454624883001,7.217495491627999,4.376667127126002,4.558452552406001,4.846699877313001,8.180650999451,8.542965870564,11.526602399003997,3.3367377196410017,2.43247037087,8.420402150270002,9.213315056211995,10.503145027597997,7.449493371669001,9.858700063438995,5.974864012743001,3.3264562680160012,2.8827488489120006,8.346416733601002,7.622698186881,5.005260158172001,5.1459255512920015,4.1790149160380015,1.6644653437599997,2.524846278998,4.665523325725001,4.313494017221001,5.025717507266001,1.39873931494
E1740N3165,7.066690181757,3.420677868014,2.7152906669339996,8.978993226208997,1.8242285227500001,1.2336900835160003,6.563682436858999,7.285078269200998,3.2204994371140008,3.4022848623940005,4.9142826548860015,8.248233777024,8.610548648137,11.594185176577005,3.4043204972139995,1.24256874889,8.487984927843,9.280897833785003,10.570727805171005,7.517076149242,9.901927875414996,6.042446790316,2.1702885780039995,1.9609430522269997,8.413999511174,7.690280964453999,3.8490924681600003,5.213508328865,3.725174067282,1.907515259152,2.4331626521280003,4.211682476968999,4.381076794794001,3.8695498172540006,0.9638724056800002
E1740N3170,7.076210306946998,2.8125343016869997,2.724810792124,8.752346019216999,2.5667025702039994,1.243210208706,6.3370352298669985,7.231867460357998,2.6123558707870003,2.794141296067,4.798912901761001,8.257753902213999,8.620068773327,11.603705301767006,3.413840622404,1.10842113257,8.497505053033,9.290417958975006,10.580247930361008,7.526596274431999,9.675280668422998,5.927077037191001,1.562145011677,1.4043602484800002,8.423519636364,7.699801089643998,3.240948901833,5.09813857574,3.498526860289999,1.9170353843419998,2.429194515582,3.9850352699769993,4.390596919984,3.261406250927,1.2305812240199998
E1740N3175,7.207478173972,2.161014595613,2.847751446965,8.154369143972001,3.057375454038,1.52594695737,5.739058354621999,7.123610209060999,1.9608361647130004,2.1426215899930003,4.690655650464002,8.429154666394998,8.789958402494996,11.775106065948,3.585241386585001,1.599094016404,8.668905817214,9.461818723155998,10.711515797385998,7.657864141456999,9.077303793178002,5.818819785894002,0.910625305603,1.2598721280139997,8.398738012194997,7.7637414330939984,2.5894291957589997,4.989881324443001,3.3572285491770004,2.291181307573,2.320937264285,3.8437369588639996,4.561997684165001,2.609886544853,1.7212541078539998
E1740N3180,7.074212608711999,1.5611187089199998,2.714485881705,7.909509593468,3.5170958792509994,1.9087583142499998,5.494198804118,6.990344643800999,1.3609402780200002,1.5427257033,4.557390085204,8.295889101134998,8.656692837234997,11.641840500688001,3.451975821325,2.0588144416170002,8.535640251954,9.328553157896,10.578250232125997,7.524598576196999,8.832444242674,5.6855542206340015,1.16306595044,1.1102259618130002,8.265472446934996,7.630475867833997,1.9895333090660001,4.856615759183001,3.112368998673001,2.7509017327859993,2.187671699025,3.59887740836,4.428732118905,2.00999065816,2.180974533067
E1740N3185,7.6955139554539995,1.47436182075,3.3357872284470003,8.14810165105,4.500482470391,2.7349738973990005,5.732790861699999,7.611645990542998,0.7202800310999999,1.0288675232400002,5.178691431946001,8.917190447876997,9.277994183976995,12.263141847430001,4.073277168067,3.0422010327570006,9.156941598695997,9.949854504638,11.199551578867997,8.145899922938998,9.071036300256,6.306855567376001,2.14645254158,1.7315273085550003,8.852475129869001,8.251777214575997,2.8638459803260004,5.477917105925,3.3509610562550005,3.5655707898420004,2.8089730457670004,3.8374694659419992,5.050033465647001,1.3693304112400002,3.164361124207
E1740N3190,7.736434574549001,1.2333146239300004,3.6324939235910008,8.177735991380002,4.835905570335,3.0316805925430006,5.76242520203,7.652566609637999,0.4665947240300001,0.56312258168,5.2196120510410005,9.084321164300997,9.318914803071998,12.430272563853997,4.369983863211001,3.3776241327010013,9.229908017503996,10.092206469638993,11.240472197962996,8.186820542034,9.100670640586003,6.347776186471002,2.481875641524,2.0282340036990005,8.882109470199001,8.292697833670998,3.199269080270001,5.518837725020001,3.3805953965849995,3.862277484986001,3.1056797409110004,3.5583134784539987,5.3467401607910015,1.1156451041699997,3.499784224151001
E1740N3195,7.828617196169,1.3855708309029997,4.139526804589,8.269918613000002,5.560472206910001,3.637204417728,5.8546078236499985,7.744749231257998,0.9372183145599999,0.8548969248699999,5.311794672660999,9.176503785920998,9.411097424691999,12.522455185473998,4.877016744208999,4.1021907692760005,9.322090639124,10.184389091258996,11.332654819582999,8.279003163653998,9.192853262206004,6.439958808091001,3.206442278099,2.6337578288840002,8.974292091819,8.384880455290999,3.9238357168450007,5.61102034664,3.472778018205001,4.467801310171001,3.667242851191,3.6504961000740006,5.853773041789,1.2645466870200002,4.224350860726
E1745N3140,7.8595948246909995,6.711971221389001,3.955462535003,10.683904361994998,3.1522865423700006,3.705859767936,7.828209270525001,8.077982912134999,6.774427644948001,6.720359365718,6.154454522955001,9.041138419957996,9.403453291071,12.387089819510992,4.197225140147999,5.562455673910001,9.280889570777,10.073802476718997,11.363632448104996,8.309980792176002,11.166454709081004,7.282618658385,5.781697540025001,4.534221517049,9.206904154107999,8.483185607387997,7.457336919345999,6.453680196934002,5.486769561680001,2.718624531679,3.83260092464,5.973277971367001,4.433829424708001,7.423478025088,4.528724617980001
E1745N3145,7.506231375315999,5.911340546879001,3.154831860493,9.883273687484996,3.9419993275899996,2.905229093426,7.027578596015001,7.72461946276,5.973796970438001,5.919728691208,5.353823848445002,8.687774970583,9.050089841696002,12.033726370136002,3.843861690773,4.840334055168001,8.927526121402002,9.720439027344002,11.010268998730002,7.9566173428010005,10.365824034571002,6.481987983875,4.981066865515001,3.7335908425390003,8.853540704733001,8.129822158012999,6.656706244835999,5.653049522424002,4.686138887170001,1.9179938571690003,3.0319702501299997,5.172647296857001,4.820617988353001,6.622847350578001,4.6394612444000005
E1745N3150,7.421117569145999,5.826226740709,3.0697180543230003,9.798159881314996,4.0271131337599995,2.8201152872560002,6.942464789845,7.63950565659,5.888683164268,5.8346148850379995,5.268710042275001,8.602661164412998,8.964976035526,11.948612563966,3.7587478846030002,4.755220248998001,8.842412315232,9.635325221174002,10.925155192560002,7.871503536631001,10.280710228401002,6.3968741777049996,4.8959530593450005,3.6484770363690004,8.768426898563,8.044708351843,6.571592438665999,5.567935716254002,4.601025081,1.8328800509990002,2.94685644396,5.087533490687,4.735504182183,6.537733544408,4.55434743823
E1745N3155,7.282497846447,5.51122515953,2.9310983316240002,9.659540158615993,1.884732859122,2.505113706077,6.803845067146001,7.500885933890999,5.573681583089001,5.519613303859001,5.130090319576,8.464041441713999,8.826356312826999,11.809992841266999,3.620128161904,3.118663779762,8.703792592532999,9.496705498474999,10.786535469860999,7.732883813932,10.142090505701999,6.258254455006,4.536319946383,3.3334754551899994,8.629807175863998,7.906088629144,6.215123836539,5.429315993555002,4.462405358301001,1.6942603283000002,2.808236721261,4.948913767988,4.596884459484,6.222731963229,2.0849327238320003
E1745N3160,6.560036590936998,4.78876390402,2.208637076114,8.937078903105995,2.02203741042,1.782652450567,6.081383811635999,6.778424678380998,4.851220327579,4.797152048348999,4.4076290640660005,7.741580186203998,8.103895057316999,11.087531585757,2.897666906394,3.19288970748,7.981331337022999,8.774244242965,10.064074214351,7.0104225584219995,9.419629250192001,5.535793199495999,3.8584902226560005,2.6110141996800005,7.907345920353999,7.183627373633998,5.534129601976999,4.706854738045001,3.7399441027910005,0.9717990727900001,2.085775465751,4.226452512478001,3.8744232039740005,5.5002707077189985,2.15915865155
E1745N3165,6.214390134374,3.630852429766,1.8629906195510002,8.591432446542996,2.0865154100299996,0.8958308500120001,5.735737355073001,6.432778221817999,3.4306739988660007,3.6124594241460004,4.061982607503,7.3959337296409995,7.758248600754,10.741885129194001,2.5520204498309997,2.239730329409,7.63568488046,8.428597786402001,9.718427757788001,6.664776101859001,9.073982793629,5.190146742933001,2.380463139756,1.936755720652,7.561699463791,6.8379809170709995,4.059267029912,4.361208281482002,3.3928823319179995,0.9096171214700002,1.740129009188,3.8793907416049995,3.528776747411,4.0797243790060005,2.053015115532
E1745N3170,6.212921500116999,2.7651658703229995,1.8615219852939997,7.9140538447229964,2.8067468405700007,0.30554677180999995,5.498743055372998,6.393575285863998,2.827622293882,2.773554014652,3.9606207272670004,7.394465095383998,7.756779966496999,10.740416494937005,2.550551815574,1.9864079333500004,7.634216246202999,8.427129152145,9.716959123531005,6.663307467601999,8.836988493928995,5.088784862697001,1.990850029683,0.98901264353,7.560230829533999,6.836512282813998,3.51053156828,4.2598464012460004,2.660234685796,1.271201279627,1.43874610064,3.1467430954829996,3.5273081131540005,3.476672674022,2.1085680248
E1745N3175,6.276909425279,2.462396203506,1.9171826982719997,7.713520019226998,3.284731666107,0.9290251668500001,5.298209229876999,6.193041460367999,2.5248526270650005,2.470784347835,3.760086901771001,7.498585917701998,7.859389653801996,10.844537317255,2.654672637892,1.8462248488400002,7.738337068520999,8.531249974462998,9.780947048692997,6.727295392763999,8.636454668432997,4.888251037201002,1.826665912133,0.36553424849,7.468169263501998,6.833172684400998,3.220924789463999,4.059312575750001,2.4597008602999995,1.8516592144270003,1.390368515592,2.9462092699869995,3.6314289354720004,3.173903007205,1.96838494029
E1745N3180,6.547097681659,1.5335138164709998,2.1873709546519997,7.40873178214,3.984865850736,1.7804669375989997,4.993420992789999,6.463229716747999,1.5959702400300002,1.5419019608000002,4.030275158151,7.768774174081998,8.129577910181997,11.114725573635,2.924860894272,2.5463590334690003,8.008525324900999,8.801438230842999,10.051135305072998,6.997483649143999,8.331666431346001,5.158439293581002,1.950575551952,0.5831110347599999,7.738357519881998,7.103360940780998,2.7418479457440004,4.329500832130002,2.6115911873450006,2.417154516047,1.6605567719720002,3.0980995970319998,3.9016171918520004,2.24502062017,2.6685191249190003
E1745N3185,6.789067712219,0.6571654265,2.7309136793,7.230369129050001,4.448591855811001,2.525324066629,4.8150583397,6.705199747307998,1.4150868572339999,0.9079625009300001,4.272245188711001,8.136954301970997,8.371547940741996,11.482905701523997,3.4684036189199996,2.990310418177001,8.282541155173996,9.144839607308992,10.293105335632996,7.239453679703999,8.153303778256003,5.400409324141002,2.0945619269999995,1.5218774777850002,7.934742607869,7.345330971340998,2.8119553657460004,4.571470862690001,2.4332285342550004,3.3559209590720003,2.258629725902,2.9197369439419996,4.4451599165,2.064137237374,3.1124705096270002
E1745N3190,7.215133742299001,0.7720873770329999,3.5516098948220005,7.656435159130002,5.336647286671001,3.4133794974889993,5.24112436978,7.131265777387999,1.264128540849,0.27682570412,4.698311218791,8.563020332050995,8.797613970821995,11.908971731603994,4.289099834442,3.8783658490370003,8.708607185253996,9.570905637388993,10.719171365712995,7.665519709784,8.579369808336,5.826475354221002,2.9826173578599993,2.4099329086449996,8.360808637948999,7.771397001420999,3.700010796606,4.997536892770001,2.8592945643350007,4.193302334385001,3.079325941424,3.0370126462040004,5.265856132022002,1.9131789209889998,4.000525940487
E1745N3195,7.212282240979,0.88435922845,3.5487583935019997,7.405946401924,5.962573816621001,3.6699708767199994,4.990635612574002,7.128414276067999,2.401054416709,1.4137515799799998,4.6954597174709995,8.560168830730996,8.794762469501997,11.778562951138003,4.286248333121999,4.504292378987,8.705755683933997,9.568054136068994,10.716319864392997,7.662668208464,8.32888105113,5.823623852901002,3.608543887809999,2.7076400634009996,8.110319880742999,7.768545500100998,4.325937326556,4.994685391450001,2.856443063015,4.190450833064999,3.076474440103999,2.5843191726839994,5.263004630702001,3.0501047968489994,4.626452470437
E1745N3200,7.212282240979,0.88435922845,3.5487583935019997,7.405946401924,5.962573816621001,3.6699708767199994,4.990635612574002,7.128414276067999,2.401054416709,1.4137515799799998,4.6954597174709995,8.560168830730996,8.794762469501997,11.778562951138003,4.286248333121999,4.504292378987,8.705755683933997,9.568054136068994,10.716319864392997,7.662668208464,8.32888105113,5.823623852901002,3.608543887809999,2.7076400634009996,8.110319880742999,7.768545500100998,4.325937326556,4.994685391450001,2.856443063015,4.190450833064999,3.076474440103999,2.5843191726839994,5.263004630702001,3.0501047968489994,4.626452470437
E1745N3210,9.850867685430002,3.9305786945259995,6.451061597991998,9.614287047392999,8.961509511751,6.57227408121,7.198976258043001,9.616362439277,5.476824044459,4.489521207730001,7.334045161922002,10.782854977276,11.343438357963999,13.986903596606998,7.188551537611998,7.503228074117,11.022606128095,12.013787543611997,13.334669565751,10.301253652915,10.537221696599,8.401221129351,6.607479582939999,5.6099432678909995,10.318660526212,10.368359852069,7.324873021686001,7.633270835901001,5.758746267505,7.092754037554999,5.978777644593999,4.792659818153,8.165307835192001,6.125874424598999,7.625388165567001
E1750N3135,7.346345066358999,7.028586387289997,4.018319972526999,10.249503491406001,4.23618329894,4.418525307635,7.886567320250999,7.564733153802998,7.4870931846470015,7.433024905417,6.212812572680998,8.527888661626,8.890203532739003,11.873840061178996,3.683975381816001,6.3536302693770015,8.767639812445003,9.560552718387001,10.850382689773,7.796731033844,11.224812758807001,6.815465562279,6.4943630797240015,5.246887056748,8.693654395776003,7.969935849055999,8.170002459045,6.190849464208,5.802271847727,3.4312900713779997,4.248961141174001,6.288780257413999,3.920579666376,8.136143564787,5.61262137455
E1750N3140,6.861936145191999,6.5441774661229974,3.53391105136,9.765094570239,4.1390273325789995,4.318216677593998,7.402158399084,7.0803242326359985,7.144669302601997,7.042600606711997,5.728403651513998,8.043479740458999,8.405794611572,11.389431140011993,3.1995664606490006,6.253321639336002,8.283230891278,9.07614379722,10.365973768605999,7.312322112677,10.74040383764,6.331056641112,6.394054449683002,4.899718991651,8.209245474609,7.4855269278889995,7.8497044248449965,5.706440543041,5.31786292656,3.3309814413369994,3.7645522200070003,5.804371336246999,3.436170745209,7.793719682741997,5.515465408189002
E1750N3145,6.325022782591999,6.007264103522998,2.9969976887599996,9.228181207639,4.675940695178999,4.197269987366,6.8652450364840005,6.543410870035999,6.607755940001998,6.505687244111997,5.191490288913999,7.5065663778589995,7.868881248972,10.852517777411993,2.662653098049,6.3511164379329985,7.746317528678,8.53923043462,9.829060406005997,6.775408750077001,10.20349047504,5.794143278512,6.429065600178999,4.362805629051001,7.672332112009,6.9486135652889995,7.312791062244997,5.169527180441001,4.780949563960001,3.856405799234001,3.2276388574070003,5.267457973647,2.8992573826089996,7.2568063201419974,6.0523787707890015
E1750N3150,5.7057736279919995,5.388014948922998,2.3777485341599993,8.608932053039,5.295189849778999,3.5780208327660006,6.245995881884,5.924161715435999,5.988506785401998,5.886438089511998,4.572241134313999,6.887317223258999,7.249632094372,10.233268622811993,2.043403943449,5.731867283332998,7.127068374078,7.919981280020001,9.209811251405998,6.156159595477001,9.58424132044,5.174894123912001,5.809816445578999,3.7435564744510006,7.053082957409,6.329364410688999,6.693541907644997,4.550278025841001,4.161700409360001,3.2371566446340005,2.608389702807,4.6482088190469995,2.2800082280089997,6.637557165541997,5.545152069455998
E1750N3155,5.578281791957999,5.260523112888998,2.250256698126,8.481440217005,5.422681685812998,3.4505289967320008,6.118504045850001,5.796669879402,5.861014949367998,5.758946253477998,4.44474929828,6.759825387225,7.122140258338001,10.105776786777993,1.9159121074149998,5.604375447298999,6.999576538044001,7.792489443986001,9.082319415371998,6.028667759443001,9.456749484406,5.0474022878780005,5.682324609545,3.6160646384170008,6.9255911213750005,6.201872574655,6.566050071610997,4.4227861898070016,4.0342085733260005,3.1096648086000007,2.480897866773,4.520716983013,2.152516391975,6.510065329507998,5.417660233421999
E1750N3160,5.912611214296,4.317720385859,1.561211699473,8.289653526464996,2.90871984225,1.311608932406,5.4339584349950005,6.130999301739999,4.380176809418001,4.326108530188001,3.760203687425,7.094154809562999,7.456469680676,10.440106209116,2.250241529753,3.2467138941480007,7.333905960382,8.126818866324001,9.416648837710001,6.362997181781001,8.772203873551002,4.888367822855001,3.3874467044950007,2.1399706815190003,7.259920543713,6.536201996992999,5.063086083816,4.059429361404002,3.0925187261500007,0.324373696149,1.43835008911,3.5790271358370003,3.2269978273330002,5.029227189558,3.04584108338
E1750N3165,5.516192399157,3.7185453726899995,1.164792884334,7.893234711325996,2.856058466287,0.7124339192370001,5.037539619856001,5.734580486601,3.781001796249,3.726933517019,3.3637848722859993,6.697735994424,7.060050865537001,10.043687393977,1.853822714614,2.842262499854,6.937487145243001,7.730400051185001,9.020230022571003,5.966578366642001,8.375785058412,4.491949007716001,2.9442295320499996,1.54079566835,6.8635017285740005,6.139783181854,4.463911070647,3.6630105462650002,2.6960999110109998,0.27480131702,1.041931273971,3.1826083206979994,2.8305790121939993,4.430052176389,2.6555472859769997
E1750N3170,5.403935599587001,3.027388789606,1.052536084764,7.450818564838997,3.10020264129,0.6633901539100001,4.84073195542,5.599931766447,3.0898452131650007,3.0357769339350003,3.1669772078500005,6.585479194854001,6.947794065967001,9.931430594406997,1.7415659150439997,2.8428738542970002,6.825230345673002,7.618143251615002,8.907973223000997,5.854321567072002,8.178977393976002,4.295141343280001,2.8480697045150003,0.8359319423699999,6.7512449290040015,6.027526382284001,3.785917375564,3.466202881829001,2.196999405912,1.12963850732,0.542830768872,2.683507815599,2.7183222126240008,3.7388955933050005,2.6561586404200006
E1750N3175,5.727240411210001,2.600133522606,1.414007663564,7.163851005157999,3.8501038003590002,1.318446459679,4.748540215808,5.643372446299001,2.710590362825,2.608521666935,3.210417887702001,6.995410882993999,7.309720639732998,10.341362282546996,2.1514976031839996,2.7862952401600003,7.220713854164997,8.028074939755001,9.231278034623996,6.177626378695001,8.086785654363998,4.338582023132002,2.7300978241830003,0.6069757598700001,6.918500249432999,6.283503670331999,3.5562699223429997,3.5096435616810013,1.910031846231,1.9551340381270002,0.941723710166,2.3965402559179996,3.1282539007640007,3.3596407429650004,2.90845533161
E1750N3180,5.847956858510002,2.267959604223,1.534724110864,7.284567452457998,4.187593934762001,1.6559365940820001,4.869256663108,5.764088893598999,2.378416444442,2.2763477485520003,3.331134335002001,7.116127330294,7.430437087032997,10.462078729846995,2.272214050484,2.9183501557700002,7.341430301464997,8.148791387055,9.351994481923995,6.298342825995,8.207502101663996,4.459298470432001,2.862152739793,0.73903067548,7.039216696732999,6.404220117631999,3.686333611608,3.630360008981001,2.030748293531,2.1764165504270006,1.0624401574659998,2.5172567032179995,3.248970348064,3.0274668245820004,3.04051024722
E1750N3185,6.2150500753790014,0.641066198771,2.236524623182,6.656351492210002,4.889394447080002,2.3577371064,4.2410407028599995,6.131182110467999,2.2569436781849994,1.42079878638,3.698227551871,7.562936665130997,7.797530303901997,10.908888064683998,2.9740145628019996,3.5747257733709996,7.7085235183339975,8.570821970468995,9.719087698792997,6.665436042864,7.579286141416003,4.826391687301002,2.936418747950999,1.395406293081,7.3607249710290015,6.7713133345009995,3.653812186697,3.99745322585,1.8592108974150003,2.878217062745,1.7642406697839996,2.3457193071020006,3.9507708603819998,2.9059940583249997,3.6968858648209992
E1750N3190,6.299064427188999,0.25075455823,2.6355405797120004,6.74036584402,5.245245332031001,2.75675306293,4.325055054669999,6.215196462277998,1.862590141309,0.97614443044,3.7822419036809998,7.646951016940996,7.881544655711996,10.992902416493997,3.3730305193319996,3.786963894397001,7.792537870143996,8.654836322278996,9.803102050602998,6.749450394673999,7.663300493226002,4.910406039111001,2.8912154032199995,1.7944222496109998,7.444739322839,6.855327686310997,3.6086088419660003,4.08146757766,1.9432252492250004,3.277233019275,2.163256626314,2.2606817704139996,4.349786816912,2.5116405214489994,3.909123985847
E1750N3195,6.851568966719,0.6675622157760001,3.188045119242,7.045233127664,5.698493033001,3.30925760246,4.629922338314001,6.767701001807998,2.213807565709,1.22650472898,4.3347464432109994,8.199455556470998,8.434049195241997,11.417849676878003,3.9255350588619993,4.240211595367,8.345042409673997,9.207340861808994,10.355606590132997,7.301954934203999,7.968167776869999,5.462910578641001,3.34446310419,2.346926789141,7.749606606482999,7.407832225840998,4.061856542936001,4.63397211719,2.4957297887550003,3.8297375588049998,2.7157611658439995,2.2236058984239997,4.902291356442,2.8628579458489996,4.362371686817
E1750N3200,7.238861085509,1.054854334566,3.575337238032,7.138969786833999,6.085785151791001,3.69654972125,4.723658997484001,7.141045178717999,2.6010996844990006,1.6137968477700004,4.722038562000999,8.307537716716999,8.821341314031995,11.511586336048003,4.312827177651998,4.627503714157,8.547288867535999,9.538470283052998,10.742898708922995,7.689247052993999,8.061904436039999,5.850202697431001,3.73175522298,2.734218907931,7.843343265652998,7.795124344630998,4.449148661725999,5.02126423598,2.8830219075450003,4.217029677595,3.1030532846339995,2.317342557594,5.289583475232001,3.2501500646389996,4.749663805607001
E1750N3205,7.816749328899001,1.6327425779559999,4.153225481422,7.716858030224,6.663673395181002,4.2744379646400015,5.301547240874003,7.718933422108001,3.1789879278889996,2.19168509116,5.299926805391,8.885425960106998,9.399229557421995,12.089474579438003,4.890715421042,5.2053919575470005,9.125177110926,10.116358526442998,11.320786952312996,8.267135296384,8.639792679429998,6.4280909408210025,4.30964346637,3.3121071513209994,8.421231509042999,8.373012588020998,5.0270369051160015,5.599152479370001,3.4609101509349998,4.794917920985001,3.680941528023999,2.8952308009839993,5.867471718622002,3.828038308028999,5.327552048997002
E1750N3210,7.983016527840001,2.2199031927759996,4.740386096241998,7.746435889802999,7.250834010001001,4.86159857946,5.3311251004530025,7.748511281687,3.7661485427090007,2.7788457059800007,5.466194004332003,8.915003819686,9.475587200373997,12.119052439016997,5.477876035861998,5.792552572367,9.154754970505,10.145936386021997,11.466818408160998,8.433402495325,8.669370539008998,6.533369971761002,4.896804081189999,3.8992677661410005,8.450809368621998,8.500508694478999,5.614197519936001,5.765419678311002,3.9385489709879997,5.382078535804999,4.268102142843999,2.9248086605629995,6.454632333442001,4.415198922848999,5.914712663817001
E1750N3215,8.347438355422,2.4467076541969996,4.967190557662999,8.110857717384999,7.477638471422001,5.088403040881,5.695546928035001,8.112933109268997,3.9929530041300003,3.0056501674010003,5.830615831914002,9.279425647268003,9.840009027956,12.483474266599002,5.7046804972829985,6.019357033788,9.519176798087003,10.510358213604,11.831240235743001,8.797824322907003,9.033792366591003,6.8977917993430005,5.123608542611,4.126072227562,8.815231196204001,8.864930522061002,5.841001981357,6.129841505893,4.2748752271759995,5.608882997226,4.494906604264999,3.2892304881449994,6.681436794863002,4.64200338427,6.141517125238002
E1755N3135,8.145003851878998,7.827245172809998,4.816978758047,11.048162276926002,5.03484208446,5.217184093155001,8.685226105771001,8.363391939322998,8.285751970167002,8.231683690937002,7.011471358200999,9.326547447145998,9.688862318259002,12.672498846698995,4.482634167336,7.152289054897002,9.566298597965002,10.359211503907002,11.649041475293,8.595389819364001,12.023471544327002,7.614124347799,7.293021865244001,6.045545842268,9.492313181296002,8.768594634575999,8.968661244564998,6.989508249728001,6.600930633247001,4.229948856898,5.047619926694001,7.087439042933999,4.719238451896,8.934802350307,6.4112801600700005
E1755N3155,5.2225248297619995,4.904766150692998,1.89449973593,8.125683254809,5.2767838441059975,3.094772034536001,5.762747083654,5.440912917205999,5.505257987171998,5.403189291281998,4.088992336084,6.404068425028999,6.766383296142,9.750019824581996,1.560155145219,5.248618485102998,6.643819575848001,7.436732481790001,8.726562453176001,5.672910797247001,9.100992522210003,4.691645325682001,5.326567647348999,3.260307676221001,6.569834159179001,5.846115612459,6.210293109414997,4.067029227611001,3.6784516111300007,2.7539078464040014,2.1251409045770004,4.164960020817,1.7967594297790002,6.154308367311997,5.061903271225999
E1755N3160,4.743430600408,4.425671921338999,1.4154055065759998,7.646589025455,4.797689614751999,2.615677805182,5.283652854300001,4.961818687852,5.026163757817999,4.924095061927998,3.60989810673,5.924974195675,6.287289066788001,9.270925595227997,1.0810609158649997,4.769524255748999,6.164725346494001,6.957638252436001,8.247468223822,5.193816567893002,8.621898292856004,4.212551096328001,4.847473417995,2.781213446867,6.090739929825001,5.367021383105,5.731198880060998,3.5879349982570004,3.199357381776,2.27481361705,1.6460466752230005,3.6858657914629998,1.317665200425,5.675214137957998,4.582809041871999
E1755N3165,4.686950087684001,3.8911109812889997,0.8808445665259999,7.5901085127310015,4.263128674701999,2.081116865132,4.753591302048001,4.905338175128001,4.491602817768,4.3895341218779995,3.0798365544779993,5.8684936829510015,6.230808554064002,9.214445082503996,1.024580403141,4.234963315699,6.108244833770002,6.901157739712002,8.190987711098002,5.137336055169003,8.091836740604,4.1560705836039995,4.312912477945002,2.246652506817,6.034259417101002,5.3105408703810015,5.196637940010999,3.379062228457,2.664796441726,1.740252677,1.111485735173,3.1513048514129998,1.3413524023099999,5.140653197907999,4.048248101822
E1755N3170,5.176292597049998,3.13010196681,0.776432972887,7.157606586173996,3.969115875283,1.604556693992,4.547519976754999,5.306719787781999,3.730593803289,3.6285251073989992,2.8737652291850004,6.357836192316998,6.720151063429999,9.703787591870002,1.513922912507,3.6532328441380004,6.597587343135999,7.3905002490779985,8.680330220464004,5.626678564534999,7.885765415311001,4.001929364615001,3.6087655566510004,1.4856434923379997,6.523601926466998,5.799883379746998,4.435628925531999,3.172990903164001,1.903787427247,1.4462398775810001,0.350476720694,2.390295836934,2.4906792100870008,4.379644183428999,3.597325180502001
E1755N3175,5.075060481676002,3.2042820685729994,0.80453595809,7.087687797207998,4.043295977045999,1.678736795755,4.231992705738001,4.991192516765,3.8047739050519995,3.7027052091619987,2.558237958168,6.385939177519999,6.657540710198997,9.731890577072997,1.5420258977099996,3.727412945901,6.568533924630998,7.418603234281,8.579098105089997,5.5254464491610005,7.570238144294002,3.686402093598001,3.682945658414,1.5598235941009997,6.266320319898998,5.631323740798,4.509809027295,2.8574636321470006,1.9779675290099998,1.5204199793440003,0.424656822457,2.4644759386969994,2.5187821952900005,4.453824285192,3.6715052822650005
E1755N3180,5.082873140522999,1.953348502122,1.613581559126,5.980853121485999,4.801839438602999,2.2701820979229996,3.5655423321360002,4.999005175611997,3.4826167566580004,2.6787383743319997,2.566050617015,6.430759730274995,6.665353369045995,9.776711129828,2.3256661915319996,3.9856419224080013,6.576346583477996,7.4386450356129945,8.586910763937,5.533259108007998,6.903787770691998,3.694214752445001,3.9411746349210013,1.818052570608,6.274132978745996,5.639136399644998,4.768038003802,2.865276290994,0.7270339625589999,2.32946558038,1.2337024234930003,1.2135423722460001,3.3278277963260003,4.131667136798,4.107802013858001
E1755N3185,5.485554561709,1.3639447688600002,2.2067874960319998,6.07588970793,5.3859114369580015,2.854254096278,3.6605789185799993,5.401686596797998,2.975780351939,2.08933464107,2.9687320382010003,6.833441151460996,7.068034790231996,10.179392551013997,2.7283476127179997,4.071242763249001,6.979028004663997,7.8413264567989955,8.989592185122998,5.935940529193999,6.998824357136002,4.096896173631001,3.691325190932,1.8919232829590003,6.676814399931997,6.041817820830998,4.414233549107001,3.2679577121800003,1.129715383745,2.922671517286,1.826908360399,1.616223793432,3.778898490038001,3.6248307320789994,4.193402854698999
E1755N3190,6.0882559620390015,1.361137625584,3.080188663549001,5.851675324002,6.110278875085003,3.578621534405001,3.436364534652001,5.853750715886,2.9729732086630003,2.086527497794,3.5714334385310016,7.020243253885,7.580826634572998,10.224291873216002,3.6017487802350012,4.795610201376001,7.259994404704,8.251175820220997,9.572057842360001,6.538641929524001,6.774609973207999,4.638609405960002,4.038038513998,2.616290721086001,6.5560488028209996,6.605748128677999,4.755431952744,3.870659112510001,2.0031165512620004,3.796072684803001,2.7003095279160005,1.030048094762,4.563361813107,3.6220235888029997,4.917770292826001
E1755N3195,6.4689265283070005,1.905486189596,3.624537227561001,6.2323458902699995,6.654627439097003,4.122970098417001,3.8170351009200014,6.234421282154,3.517321772675,2.6308760618059996,3.952104004799002,7.400913820153,7.961497200840998,10.604962439484,4.028332812227001,5.339958765388001,7.640664970972,8.631846386488997,9.952728408628,6.919312495792002,7.155280539475999,5.019279972228001,4.58238707801,3.160639285098001,6.9367193690889986,6.986418694945999,5.299780516756001,4.251329678778001,2.424458971455,4.340421248815002,3.2446580919280006,1.41071866103,4.944032379375001,4.166372152815,5.462118856838
E1755N3200,7.05973936844,3.4375816005959994,4.511438637885001,6.823158730402998,7.699696517361999,5.168039176681999,4.407847941053001,6.825234122286998,4.983826950529,3.9965241138000005,4.542916844932002,7.991726660285998,8.552310040973996,11.195775279616997,4.619145652360001,6.883499001166999,8.231477811104998,9.222659226621996,10.543541248760997,7.510125335924999,7.746093379608998,5.6100928123610005,6.11448248901,4.715909649367,7.527532209221998,7.577231535078997,6.831875927756001,4.842142518911,3.015271811588,5.227322659138999,4.131559502252001,2.001531501163,5.534845219507999,5.632877330669,7.005659092617
E1755N3205,7.14764700188,3.0552727187359996,4.599346271325002,6.911066363842998,7.787604150802,5.255946810122,4.495755574493002,6.913141755726999,4.601518068669,3.6142152319400007,4.630824478372002,8.079634293725999,8.640217674413998,11.283682913056998,4.707053285800002,6.627922098327001,8.319385444545,9.310566860061998,10.631448882201,7.598032969365,7.834001013048998,5.698000445801001,5.73217360715,4.734637292101,7.615439842661998,7.665139168518999,6.449567045896001,4.930050152351001,3.103179445028,5.315230292579,4.2194671356920015,2.089439134603,5.6227528529479995,5.250568448809,6.750082189777002
E1755N3210,7.972486064863,7.732666946133,7.537593958811001,6.590101713132,10.776353977767,8.411794796475998,3.571537044886,7.539090504412001,9.261935200668997,8.458056818342996,5.247047739927,8.705583042411003,9.266166423098998,11.909631661741996,7.060858867053001,10.174617046332,8.94533419323,9.936515608747,11.257397630885997,8.422872032348,0.9062583997200001,6.323949194486001,9.794699474015,7.995297566041998,8.241388591347,8.291087917204,10.569852367835,5.906226591019001,6.508902230521001,8.253477980064998,7.157714823178,5.56629743693,8.111409744372999,9.910985580809,10.296777137782
E1755N3215,8.47990269157,2.9981092874659994,5.518592190932,8.243322053532998,8.029040104691003,5.639804674150001,5.828011264183001,8.245397445416998,4.5443546373990005,3.5570518006700005,5.963080168062001,9.411889983415998,9.972473364103996,12.615938602746997,6.039308975490001,6.570758667057,9.651641134234998,10.642822549751996,11.963704571890998,8.930288659054998,9.166256702738998,7.030256135491,5.67501017588,4.677473860831,8.947695532351998,8.997394858208997,6.3924036146260015,6.262305842041001,4.435435134718,6.160284630495001,5.046308237534,3.4216948242929996,6.955008542637999,5.193405017539,6.692918758507002
E1755N3220,8.91209156227,3.430298158165999,5.950781061631999,8.675510924232999,8.461228975391002,6.071993544850001,6.260200134883001,8.677586316116999,4.976543508099,3.98924067137,6.3952690387620015,9.844078854115999,10.404662234803997,13.048127473446996,6.471497846190001,7.0029475377570005,10.083830004934999,11.075011420451997,12.395893442590998,9.362477529755,9.598445573438998,7.462445006191,6.10719904658,5.1096627315309995,9.379884403051998,9.429583728908998,6.824592485326002,6.694494712741,4.8676240054179996,6.592473501195,5.4784971082339995,3.8538836949929998,7.387197413337999,5.625593888239,7.125107629207002
E1760N3130,6.742243638757,7.8139318104169995,4.9769106212039995,9.645402063804001,8.359194729379999,6.17718291981,7.474978336027,6.960631726201,8.587668872445999,8.485600176555998,5.801223588457,7.923787234023999,8.286102105137001,11.269738633577,4.106168077504,8.331029370377,8.163538384843001,8.956451290785,10.246281262171001,7.192629606242001,10.813223774583006,6.211364134677,8.408978532623,6.3427185614949995,8.089552968174,7.365834421454,9.292703994688996,5.586748036606001,6.129595476293998,5.836318731677999,5.207551789850998,5.855548660095999,3.3522092403239996,9.236719252585997,8.1443141565
E1760N3135,6.404958317787001,7.476646489447,4.639625300234,9.308116742834,8.02190940841,5.8398975988399995,7.137693015057001,6.6233464052310005,8.250383551476,8.148314855586,5.463938267487,7.586501913054,7.948816784167001,10.932453312607,3.7688827565339995,7.993744049407,7.8262530638730015,8.619165969815,9.908995941201002,6.855344285272001,10.475938453613008,5.874078813707,8.071693211653,6.005433240525,7.752267647204001,7.028549100484001,8.955418673718997,5.249462715636001,5.792310155323999,5.499033410708,4.870266468880999,5.518263339125999,3.0149239193539987,8.899433931615999,7.80702883553
E1760N3140,5.937735501143001,7.009423672803,4.172402483589999,8.84089392619,7.554686591766,5.3726747821959995,6.670470198413001,6.1561235885870005,7.783160734831999,7.6810920389419985,4.996715450843,7.11927909641,7.481593967523001,10.465230495963,3.30165993989,7.526521232763,7.3590302472290015,8.151943153171,9.441773124557002,6.388121468628001,10.008715636969008,5.406855997063,7.604470395009001,5.538210423881,7.285044830560001,6.561326283840001,8.488195857074999,4.7822398989920005,5.325087338679999,5.031810594064,4.403043652236998,5.051040522481999,2.5477011027099996,8.432211114972,7.339806018886
E1760N3145,5.787487949203001,6.859176120863,4.022154931649999,8.69064637425,7.404439039826,5.222427230256001,6.520222646473001,6.005876036647001,7.632913182892,7.530844487002,4.846467898903001,6.96903154447,7.331346415583002,10.314982944022999,3.15141238795,7.376273680823,7.208782695289002,8.001695601231,9.291525572617001,6.2378739166880015,9.858468085029006,5.256608445123001,7.454222843069001,5.387962871941,7.134797278620002,6.411078731900001,8.337948305134997,4.631992347052001,5.174839786739999,4.881563042124,4.252796100296998,4.900792970542001,2.39745355077,8.281963563031999,7.189558466946
E1760N3150,5.305206867579001,5.629293760202,2.6190273454389996,8.208365292626,6.001311453615,3.819299644045,5.950876740174,5.523594955022999,6.229785596680999,6.127716900790999,4.277121992603999,6.486750462845999,6.8490653339589995,9.832701862398997,1.748284801739,5.973146094612001,6.726501613665,7.5194145196069995,8.809244490993,5.755592835063999,9.289122178730008,4.774327363499,6.051095256858001,3.9848352857299996,6.652516196996,5.9287976502760005,6.934820718923999,4.149711265428001,4.402979220639001,3.4784354559130004,2.8496685140859994,4.418511888918,1.6010039544959997,6.878835976820999,5.786430880735
E1760N3155,4.694010089993001,5.099830237163001,2.0895638223999993,7.59716851504,5.4718479305760015,3.2898361210059996,5.421413217135002,4.912398177437,5.700322073642001,5.598253377752,3.747658469564999,5.875553685259999,6.237868556373001,9.221505084813,1.2188212787,5.443682571573002,6.115304836079001,6.908217742021,8.198047713406998,5.1443960574780006,8.759658655691002,4.1631305859130014,5.521631733819002,3.455371762690999,6.041319419410001,5.317600872690001,6.405357195885,3.5385144878420016,3.8735156976,2.948971932874,2.3202049910469995,3.807315111332,0.7756323756000001,6.349372453782,5.256967357696001
E1760N3160,4.484909902423001,4.703549176343,1.6932827615799997,7.38806832747,5.075566869756001,2.893555060186,5.025132156315001,4.703297989867,5.304041012822,5.201972316931999,3.351377408744999,5.66645349769,6.028768368803001,9.012404897242998,0.82254021788,5.0474015107530015,5.906204648509001,6.699117554451002,7.988947525837,4.935295869908002,8.363377594871002,3.9540303983430003,5.1253506729990015,3.0590907018709994,5.832219231840001,5.10850068512,6.0090761350649995,3.3294143002719996,3.47723463678,2.5526908720540002,1.9239239302269997,3.6006453042419992,0.37935131478,5.9530913929619995,4.8606862968760005
E1760N3165,3.922664467743001,4.141303741662999,1.1310373268999998,6.82582289279,4.513321435076,2.331309625506,4.462886721635001,4.141052555187,4.741795578142,4.639726882251999,2.789131974064999,5.10420806301,5.466522934123001,8.450159462562999,0.2602947832,4.485156076073001,5.343959213829001,6.136872119771001,7.426702091157,4.373050435228001,7.8011321601910035,3.3917849636630004,4.563105238319001,2.4968452671909995,5.2699737971600005,4.54625525044,5.446830700384998,2.7671688655919997,2.9149892021,1.990445437374,1.3616784955469998,3.0519471620699994,0.8749475340599997,5.390845958281998,4.298440862196
E1760N3170,4.0183049824250014,4.485184035198002,1.8704817887530003,6.769255667406999,5.2527658969290005,3.0707540873589996,3.913560575937002,4.236693069869,5.481240039995,5.210573907408,2.2398058283670004,5.199848577691999,5.562163448805,8.545799977244995,0.8297835127430001,5.224600537926001,5.439599728511,6.232512634453001,7.5223426058389995,4.468690949910001,7.251806014493003,3.3679699637970018,5.302549700172001,3.236289729043999,5.365614311842,4.641895765122,6.186275162237999,2.539031502346001,2.8008477010750004,2.7298898992269995,2.1011229574,2.526800884877,1.8803343900630003,6.130290420134999,5.037885324049001
E1760N3175,4.078847760990002,3.801384295714,1.4016381852310003,6.091475076521998,4.640398204186998,2.2758390228959997,3.2357799850520013,3.9949797960790003,4.401876132192999,4.299807436302999,1.562025237482,5.426734350741997,5.661327989512997,8.772685750294999,1.3086885921129998,4.324515173042,5.572321203944997,6.434619656079996,7.582885384403997,4.529233728475,6.574025423608002,2.690189372912001,4.280047885555,2.1569258212419995,5.270107599212998,4.635111020111999,5.106911254435999,1.8612509114610005,2.575069756151,2.117522206485,1.021759049598,2.609434855285,2.3592394694330006,5.050926512332999,4.268607509406
E1760N3180,4.860283923544,2.2669279995620006,1.95426713426,5.580573981583001,5.142525013736999,2.6108676730569997,3.165263192233,4.776415958632999,3.796196254098,2.992317871772,2.3434614000360003,6.208170513295997,6.442764152066997,9.554121912848997,2.1030769745530002,4.326327497542,6.353757366498997,7.216055818633996,8.364321546957997,5.310669891029,6.503508630789001,3.4716255354660013,4.281860210055001,2.1587381457420003,6.051543761766998,5.416547182665998,5.1041134212640005,2.6426870740150004,0.6503505468030001,2.6701511555140005,1.5743879986270002,0.8132632323429999,3.1536278518730008,4.445246634237999,4.448487588991999
E1760N3185,6.112428373849001,2.1071327458,2.8336613081719997,5.965775419340001,5.863751519708003,3.332094179028,3.5504646299899996,5.967850811224002,3.6364010003360003,2.83252261801,3.595605850341,7.134343349223003,7.6949086023719975,10.338391968554001,3.3552214248579997,4.549082845999001,7.374094500042003,8.365275915559,9.616465997262997,6.5628143413340005,6.888710068546001,4.723769985771002,4.169165273682,2.369763365709,6.670148898159,6.668691632970998,4.944318167502001,3.8948315243200002,1.7565891958849997,3.549545329426,2.453782172539,1.7928530033669998,4.4057723021780015,4.285451380476001,4.6712429374490005
E1760N3190,5.582346499292002,2.3994743549599997,3.0340457687370006,5.345765861255001,6.222303648214002,3.690646307533999,2.9304550719050004,5.347841253139,4.011309938039,3.12486422717,3.065523975784001,6.514333791138,7.074917171825999,9.718382410469,3.1417527832120005,5.406106132019002,6.754084941957,7.745266357473998,9.066148379612999,6.032732466777002,6.268700510461,4.132699943213001,5.076375243373999,3.238516780219,6.050139340074,6.099838665931,5.79376868212,3.364749649763,1.5378789424400001,3.7499297899909996,2.6541666331040004,0.5241386320150001,4.057452350359999,4.660360318178999,5.528266223469003
E1760N3195,5.968759904280001,2.7855770765330004,3.420459173725001,5.732179266242999,6.608717053202,4.077059712522,3.3168684768930006,5.734254658126999,4.397412659612001,3.510966948743,3.451937380772001,6.900747196125999,7.461330576813997,10.104795815456999,3.528166188200001,5.792519537007,7.140498346944999,8.131679762461996,9.452561784600999,6.419145871765,6.655113915448998,4.519113348201001,5.462477964946999,3.6249301852070004,6.436552745061999,6.486252070918998,6.179871403692999,3.7511630547510006,1.924292347428,4.136343194979,3.040580038092001,0.9105520370029998,4.443865755348,5.046463039751999,5.914679628457001
E1760N3200,7.049079910433,6.809260791703,6.614187804381,5.666695558702,9.852947823336999,7.488388642045999,2.6481308904559997,6.615684349982001,8.338529046238996,7.534650663912997,4.323641585497,7.7821768879810005,8.342760268668997,10.986225507311996,6.137452712623,9.251210891902,8.021928038799999,9.013109454316998,10.333991476455996,7.499465877918,0.6901145481,5.400543040056001,8.871293319584998,7.071891411611998,7.317982436917001,7.3676817627740006,9.646446213405001,4.982820436589001,5.585496076091001,7.330071825634998,6.234308668748,4.6428912825,7.188003589942999,8.987579426379,9.373370983351998
E1760N3205,7.520035062833,7.280215944102999,7.0851429567810005,6.137650711102,10.323902975736999,7.959343794445999,3.119086042856,7.086639502382001,8.809484198638996,8.005605816312997,4.794596737897,8.253132040381,8.813715421068997,11.457180659711996,6.6084078650230005,9.722166044302,8.492883191199999,9.484064606716998,10.804946628855996,7.970421030318,0.22608444067,5.871498192456,9.342248471984998,7.542846564011998,7.788937589317001,7.838636915174,10.117401365805001,5.453775588989,6.056451228491,7.801026978034998,6.705263821148,5.113846434899999,7.658958742342999,9.458534578779,9.844326135751999
E1760N3210,8.055340793933,7.815521675203,7.620448687881001,6.6729564422020005,10.859208706837002,8.494649525546002,3.6543917739559997,7.621945233482001,9.344789929739,8.540911547413,5.329902468997,8.788437771481005,9.349021152169,11.992486390812,7.143713596123001,10.257471775402003,9.028188922300002,10.019370337817001,11.340252359955999,8.505726761418002,0.45252943075999996,6.406803923556001,9.877554203085001,8.078152295111998,8.324243320417,8.373942646274001,10.652707096905004,5.989081320089,6.591756959591001,8.336332709134998,7.240569552248,5.6491521659999995,8.194264473442999,9.993840309879003,10.379631866852002
E1765N3135,6.025997430057,7.097685601716999,4.260664412503999,8.929155855104002,7.642948520679999,5.46093671111,6.758732127327,6.244385517501,7.8714226637459985,7.769353967855999,5.0849773797569995,7.207541025323999,7.569855896437001,10.553492424877,3.3899218688039996,7.614783161676999,7.447292176143001,8.240205082085,9.530035053471003,6.476383397542,10.096977565883007,5.4951179259769996,7.692732323923,5.626472352794999,7.3733067594740005,6.649588212754,8.576457785988998,4.870501827906001,5.413349267593998,5.120072522977999,4.491305581150998,5.139302451395999,2.6359630316239993,8.520473043885998,7.428067947799999
E1765N3140,5.691919747704,6.7636079193639995,3.9265867301509987,8.595078172751002,7.308870838327,5.126859028757,6.424654444974,5.910307835148,7.537344981392999,7.435276285502999,4.750899697404,6.873463342970999,7.235778214084001,10.219414742524,3.0558441864509995,7.280705479323999,7.113214493790001,7.906127399732,9.195957371118004,6.142305715189001,9.762899883530007,5.161040243624,7.35865464157,5.2923946704419995,7.039229077121001,6.315510530401,8.242380103635998,4.536424145553001,5.079271585240998,4.7859948406249995,4.157227898797999,4.805224769043,2.301885349270999,8.186395361532998,7.093990265446999
E1765N3145,5.227508199603001,6.299196371263,3.462175182049999,8.13066662465,6.844459290226,4.662447480656001,5.960242896873001,5.445896287047001,7.0729334332919995,6.970864737402,4.2864881493030005,6.40905179487,6.771366665983002,9.755003194422999,2.5914326383499997,6.816293931223,6.648802945689002,7.441715851631001,8.731545823017003,5.677894167088001,9.298488335429006,4.6966286955230006,6.894243093469001,4.827983122341,6.5748175290200015,5.851098982300001,7.777968555534998,4.072012597452001,4.614860037139999,4.321583292524,3.692816350696999,4.340813220942,1.8374738011699998,7.721983813431999,6.629578717346
E1765N3150,4.964701855843002,6.036390027503,3.1629793004399995,7.8678602808900004,6.545263408616001,4.363251599046,5.697436553113001,5.183089943287,6.773737551682,6.671668855791999,4.023681805543,6.1462454511099995,6.508560322223001,9.492196850662996,2.29223675674,6.517098049613001,6.385996601929001,7.178909507871,8.468739479257,5.415087823328001,9.035681991669001,4.433822351763001,6.595047211859002,4.528787240731001,6.312011185260001,5.588292638540001,7.478772673924999,3.809206253692001,4.35205369338,4.022387410914,3.3936204690869993,4.078006877182,1.53827791956,7.422787931822,6.330382835736001
E1765N3155,4.301395133003001,5.362127294842998,2.35186088008,7.20455355805,5.7341449882559985,3.5521331786860006,5.034129830273001,4.519783220447,5.962619131321998,5.860550435431997,3.3603750827030003,5.482938728269999,5.845253599383001,8.828890127822998,1.4811183363800002,5.705979629252999,5.722689879089001,6.5156027850310005,7.805432756417,4.751781100488,8.372375268829003,3.7705156289230013,5.783928791498999,3.7176688203710007,5.6487044624200005,4.924985915700001,6.667654253564997,3.145899530852001,3.68874697054,3.2112689905540006,2.582502048727,3.414700154342,0.5971922199199999,6.611669511461997,5.519264415375998
E1765N3160,3.8927238469830012,4.964412018643001,2.1686780888699997,6.795882272030001,5.550962197046001,3.3689503874760005,4.625458544253002,4.111111934427,5.779436340112001,5.6773676442220005,2.9517037966829998,5.07426744225,5.436582313363002,8.420218841802999,1.2979355451700003,5.522796838043001,5.314018593069002,6.106931499011002,7.396761470397001,4.343109814468002,7.9637039828090055,3.3618443429030007,5.600746000289002,3.5344860291609996,5.240033176400002,4.516314629680002,6.484471462354999,2.7372282448320004,3.2800756845199994,3.0280861993440005,2.3993192575169995,3.006028868322,1.01185568699,6.428486720252,5.336081624166002
E1765N3165,3.284156467723001,4.355844639383,1.96559619303,6.187314892770001,5.347880301206,3.165868491636,4.016891164993001,3.502544555167,5.576354444272,5.081234511593002,2.3431364174229996,4.465700062989999,4.828014934103001,7.811651462542999,1.03155158986,5.3197149422029995,4.705451213809002,5.498364119751001,6.788194091137,3.734542435208001,7.3551366035490044,2.7532769636430006,5.397664104449,3.3314041333209987,4.6314657971400015,3.9077472504200004,6.2813895665149975,2.1286608655720003,2.6715083052599993,2.825004303504,2.196237361677,2.3974614890619996,1.6500588040600002,6.225404824411998,5.132999728326
E1765N3170,3.4403212127830014,3.908512784671001,1.8822210205300003,6.2167642853850005,5.264505128705999,3.0824933191359998,3.3610691939150015,3.658709300227,5.437781039206998,4.633902656880999,1.6873144463449998,4.62186480805,4.984179679163001,7.967816207602999,0.84152274452,5.236339769703,4.861615958869001,5.654528864811001,6.944358836197,3.8907071802680013,6.699314632471004,2.815478581775001,5.314288931949,3.2480289608209993,4.7876305422000005,4.063911995480001,6.198014394014998,1.9865401203240003,2.224176450548001,2.7416291310039997,2.1128621891770005,1.9501296343499999,1.8630653077300001,6.086831419346999,5.049624555826
E1765N3175,3.2031083077350013,4.494175091310001,2.1778114585240007,5.215735623267,5.416571477479997,3.052012296189001,2.3600405317970004,3.119240342823999,5.178049405485998,5.0759807095959975,0.6862857842269999,4.550994897487,4.7855885362579995,7.8969462970399995,1.508888110202,5.100688446334999,4.696581750689999,5.558880202824998,6.7071459311489985,3.653494275220001,5.6982859703530035,1.8144499196570005,5.056221158847999,2.9330990945349997,4.394368145958,3.7593715668570002,5.883084527728998,0.9855114582060001,2.8098387571870007,2.8936954797780006,1.797932322891,2.5357919409890006,2.559438987522001,5.827099785625998,5.044780782698999
E1765N3180,4.170601485342002,4.030571619736,2.4834915798329997,6.183228800874,5.722251598788999,3.3576924174979994,3.3275337094040007,4.086733520430999,5.483729526795,4.755961491946,1.653778961834,5.404506836730001,5.753081713864999,8.750458236283,1.730007769262,5.406368567644001,5.644257987549002,6.437170893491002,7.674639108755999,4.620987452827002,6.665779147960004,2.7819430972640005,5.361901280157,3.238779215843999,5.361861323565,4.7268647444640015,6.188764649037999,1.9530046358130002,2.3462352856129995,3.1993756010869996,2.1036124442,2.0721884694150003,2.6457073364099997,6.132779906934999,5.350460904008001
E1765N3185,5.888841078489,3.2642808369789997,3.3405403479340006,5.166683294098999,6.528798227411,3.997140886730999,2.751372504749,5.168758685983,4.793549091515,3.9896707091889994,3.2734814795030003,6.335251223982,6.895834604669998,9.539299843313001,3.448247362409001,5.706230937178,6.575002374801,7.566183790317997,8.887065812457001,6.339227045974,6.089617943304999,3.9536173760570006,5.326313364861,3.5269114568879996,5.871056772917998,5.920756098774999,6.101466258681,3.6712442289600005,1.8443735216370003,4.056424369188,2.9606612123010003,0.9017687280460001,4.363946929556999,5.442599471655,5.828391028627999
E1765N3190,6.100835902733001,3.175902433200999,3.552535172178,5.864255264696,6.740793051655001,4.209135710974999,3.448944475346,5.866330656580001,4.78773801628,3.9012923054109985,3.5840133792250004,7.0328231945790005,7.593406575266998,10.236871813910003,3.660242186653,5.924595535460002,7.2725743453980005,8.263755760914997,9.584637783054005,6.551221870218002,6.787189913902,4.651189346654,5.8027372078860004,3.7570061836599993,6.568628743515,6.618328069372,6.570196760360999,3.8832390532039995,2.0563683458810007,4.268419193432,3.172656036545,1.042628035456,4.575941753800999,5.436788396419999,6.046755626910002
E1765N3195,6.287457767288,6.047638648558,5.852565661236,4.905073415557001,9.091325680191996,6.726766498901,1.8865087473109998,5.854062206837002,7.576906903093998,6.773028520767997,3.5620194423519997,7.0205547448360015,7.5811381255239985,10.224603364166994,5.375830569478001,8.489588748756997,7.260305895655,8.251487311171998,9.572369333310993,6.7378437347730005,1.8475521000850004,4.638920896911001,8.10967117644,6.310269268466998,6.556360293772001,6.606059619629001,8.884824070259997,4.221198293444001,4.823873932946001,6.568449682489999,5.472686525603001,3.8812691393549996,6.426381446797999,8.225957283233997,8.611748840206996
E1765N3200,6.740791753193,6.5009726344629994,6.3058996471410005,5.358407401462,9.544659666097,7.180100484805999,2.339842733216,6.307396192742001,8.030240888998998,7.226362506672997,4.015353428257,7.473888730741001,8.034472111428999,10.677937350071996,5.8291645553830005,8.942922734662,7.713639881559999,8.704821297076998,10.025703319215996,7.191177720678,1.12794420716,5.092254882816,8.563005162344998,6.763603254371998,7.009694279677001,7.059393605534,9.338158056165001,4.674532279349,5.277207918851,7.021783668394998,5.926020511508,4.334603125259999,6.879715432702999,8.679291269139,9.065082826111999
E1765N3205,7.7829869338329996,7.543167815103,7.348094827781,6.4006025821020005,10.586854846736998,8.222295665446,3.3820379138559997,7.349591373382001,9.072436069638997,8.268557687312995,5.057548608897,8.516083911381,9.076667292068997,11.720132530711995,6.871359736023001,9.985117915301998,8.755835062199997,9.747016477716997,11.067898499855996,8.233372901318,0.48842275366200005,6.134450063456001,9.605200342984997,7.805798435011997,8.051889460317001,8.101588786174,10.380353236805,5.716727459989,6.319403099491001,8.063978849034998,6.968215692148,5.3767983058999995,7.921910613342999,9.721486449778999,10.107278006751997
E1765N3210,8.321470601605,8.081651482875001,7.8865784955530005,6.939086249874001,11.125338514508998,8.760779333217998,3.9205215816280004,7.888075041154001,9.610919737410995,8.807041355084998,5.596032276669001,9.054567579153,9.615150959840996,12.258616198483995,7.409843403795001,10.523601583073997,9.294318729971998,10.285500145488998,11.606382167627995,8.77185656909,0.634748166362,6.672933731228001,10.143684010756997,8.344282102783998,8.590373128089002,8.640072453946003,10.918836904576999,6.255211127761001,6.857886767263001,8.602462516807,7.506699359920001,5.915281973672,8.460394281114999,10.259970117550997,10.645761674523998
E1765N3215,8.728134158105,8.488315039375,8.293242052053,7.345749806374,11.532002071008998,9.167442889717998,4.327185138128001,8.294738597654002,10.017583293910995,9.213704911584998,6.002695833169001,9.461231135653,10.021814516340996,12.665279754983993,7.816506960295,10.930265139573997,9.700982286471998,10.692163701988997,12.013045724127995,9.17852012559,1.0414117228620001,7.079597287728001,10.550347567256997,8.750945659283998,8.997036684589002,9.046736010446002,11.325500461076999,6.661874684261001,7.264550323763001,9.009126073307,7.913362916420001,6.321945530172,8.867057837614999,10.666633674050997,11.052425231023998
E1770N3125,3.408335424817,9.53998279022,7.0052343439369995,8.430247167731997,10.387518452112998,8.205506642543002,7.271482372404,6.200160895214001,10.615992595178998,10.265372662430002,5.149244687464001,5.770146163602,3.9487679318069997,7.714604666372,6.071189740766999,10.35935309311,4.684287856453,3.9566938859970007,3.5702128032070006,3.061998847277,10.609727810960003,5.518050655167001,10.437302255355998,8.371042284227997,6.835719937944999,5.159873117298001,11.321027717421995,4.601090097053001,7.855646456096998,7.864642454410999,7.235875512584,7.581599639898998,6.731194880226999,11.265042975318996,10.172637879232997
E1770N3145,1.76629602673,7.669672985233001,5.13492453895,7.2345474693000025,8.517208647126,6.335196837556001,5.401172567417,4.778141093737,8.745682790191998,8.395062857443001,3.278934882477,4.7112867047349996,2.88990847294,7.4703741745949985,4.20087993578,8.489043288123,3.625428397586,3.30927135197,3.920140573810001,1.1916890422900002,8.739418005973002,3.64774085018,8.566992450369,6.500732479241,5.776860479077999,4.101013658431,9.450717912434994,2.730780292066,5.985336651109998,5.994332649424,5.365565707597001,5.711289834911999,4.86088507524,9.394733170331996,8.302328074245999
E1770N3150,1.1795198783600003,7.082896836863,4.54814839058,6.647771320930002,7.930432498755999,5.748420689186,4.814396419046999,4.191364945367,8.158906641821998,7.808286709073001,2.6921587341069997,4.239419662005001,2.4180414302099993,6.998507131864998,3.6141037874099995,7.9022671397529995,3.1535613548560004,2.8374043092400005,3.8369256630400006,0.5109481716800001,8.152641857603003,3.06096470181,7.980216301999,5.913956330871,5.304993436347999,3.629146615701001,8.863941764064995,2.1440041436960002,5.398560502739998,5.407556501054,4.7787895592269996,5.124513686541998,4.2741089268699985,8.807957021961997,7.715551925875999
E1770N3155,0.71068214187,6.8604519658530005,4.32570351957,6.350450469541999,7.707987627745999,5.525975818176001,4.591951548037,3.910929133701999,7.936461770811999,7.5858418380630015,2.4697138630969997,3.6903494654120004,2.6278180885529996,7.026858921041999,3.391658916399999,7.679822268743,2.604491158263,3.1496981451000003,4.297963873424001,1.2469299551300002,7.930196986593004,2.8385198308,7.757771430989,5.691511459861,4.755923239754999,3.3507942355510005,8.641496893055,1.9215592726859998,5.176115631729998,5.185111630044,4.556344688217,4.902068815531998,4.051664055859999,8.585512150951999,7.493107054865999
E1770N3160,2.1683336406700007,8.071710599172999,5.536962152889999,7.636585083240001,8.919246261066,6.737234451496,5.803210181356999,5.1801787076769985,9.147720404132,8.797100471383002,3.680972496417,5.2282334243149995,3.40685519252,7.987320894174998,4.602917549719999,8.891080902063,4.142375117166001,3.826218071550001,4.82573942535,0.69795629219,9.141455619913005,4.049778464120001,8.969030064309,6.902770093180998,6.293807198657998,4.617960378011001,9.852755526374997,3.132817906006,6.387374265049997,6.396370263363998,5.767603321536999,6.113327448851997,5.262922689179998,9.796770784271997,8.704365688186
E1770N3165,1.7775701356630011,5.742047280352999,3.2072988340699995,5.306921764420001,6.589582942245998,4.407571132675999,3.473546862537,2.8505153888569996,6.818057085311997,6.467437152563001,1.3513091775970005,3.81367089668,3.611461974205998,7.159622296233,2.2732542308999997,6.561417583242998,3.5881350439159982,4.133342030752998,5.281607759076999,2.2279561031479997,6.811792301093003,1.7201151453000008,6.639366745488998,4.5731067743609985,3.979436630830001,3.25571808411,7.523092207554996,0.803154587186,4.0577109462299985,4.066706944543999,3.4379400027169997,3.7836641300319984,2.933259370359999,7.467107465451996,6.374702369365997
E1770N3170,2.021245462359001,5.603041243633,3.286677610847001,4.757890392370002,6.525437629802997,4.160878448512001,2.874639703247,2.4758741964169997,6.286915557808998,6.184846861918997,0.752402018307,3.7923143775259995,3.855137300901999,7.138265777078998,2.5169295575960002,6.2095545986579985,3.8318103706119993,4.377017357448999,5.525283085772999,2.4716314298440007,6.212885141803003,1.1710837732500003,6.165087311170998,4.041965246858001,3.7510019995510007,3.08647826258,6.991950680051997,0.20424742789599998,3.918704909510001,4.002561632101001,2.906798475214001,3.6446580933120014,3.176934697056,6.935965937948997,6.153646935021999
E1770N3175,2.5700251061700006,5.295689284754001,3.1107197416770007,4.684246897681001,6.349479760633,3.984920579342001,2.3577086393039997,2.4022307017279996,6.110957688639001,6.008888992749,0.235470954364,3.8339852563909993,4.068578895162,7.179936655943998,2.4417963933549998,6.033596729488001,3.9795721095939998,4.925797001259999,6.074062729583999,3.020411073655,5.695954077860004,1.097440278561,5.989129442001,3.866007377688,3.677358504862,3.042361925761001,6.815992810881999,0.503765632326,3.7427470403400007,3.826603762931001,2.7308406060440005,3.1293197755510005,3.492347270675001,6.760008068778999,5.977689065852002
E1770N3180,3.3084476897060013,5.354239488470001,3.518204106121001,5.157818454571998,6.756964125076998,4.392404943786,2.416258843020001,2.8670999941920003,6.518442053082999,6.079629360680001,0.6259054678699999,4.256304307302001,4.490897946073001,7.602255706854997,2.8492807577990003,6.441081093931999,4.401891160505,5.533833276542996,6.682099004866998,3.758833657191001,5.754504281576002,1.5710118354520004,6.396613806444999,4.273491742132,4.150930061753001,3.464680976672001,7.223477175325997,1.2421882158620001,4.130474772857999,4.234088127375001,3.138324970488001,3.1878699792669996,3.8998316351190017,7.167492433222997,6.385173430296
E1770N3185,4.310650178223002,4.119013937096001,3.875758072171001,4.0367283831159995,7.114518091126999,4.7499589098360016,1.1810332916460002,4.038803775000001,5.648282191631999,4.844403809305998,1.5852118532870003,5.2052963129990015,5.765879693686999,8.409344932329997,3.3990229804130005,6.560964037295,5.4450474638180015,6.436228879334999,7.7571109014739985,4.761036145708002,4.519278730202001,2.8236624650740008,6.1810464649779995,4.381644557004999,4.741101861935,4.782986997814002,6.956199358798,2.244390704379,2.895249221484,4.591642093425,3.4958789365380007,1.9526444278930002,4.449573857733,6.297332571772,6.683124128744999
E1770N3190,4.566637290101001,4.326818171371,4.131745184049001,3.419230571148999,7.370505203004998,5.005946021714,0.3265015314,4.139505281544,5.856086425906999,5.052208043580998,1.841198965165,5.305997819543,5.866581200230999,8.510046438873998,3.655010092291,6.768768271569999,5.545748970362,6.536930385878998,7.857812408017998,5.0170232575860005,3.6647469699560005,2.9243639716180003,6.388850699252999,4.589448791279999,4.841803368479,4.891502694335999,7.164003593072999,2.5003778162569996,3.1030534557590004,4.847629205302999,3.7518660484160007,2.1604486621679997,4.705560969611,6.505136806046999,6.890928363019999
E1770N3195,5.160871564121001,4.921052445391,4.725979458069001,3.2862974108659997,7.964739477024999,5.600180295734001,0.26773274261999996,4.235286202146001,6.450320699926999,5.6464423176009975,2.435433239185001,5.401778740145001,5.9623621208329975,8.605827359475995,4.249244366311,7.36300254559,5.641529890963999,6.6327113064809975,7.953593328619997,5.611257531606001,3.0705126959360007,3.0201448922200003,6.983084973273,5.183683065299999,4.937584289081001,4.987283614938,7.7582378670929995,3.0946120902770002,3.6972877297790006,5.441863479323,4.346100322436,2.7546829361880003,5.299795243630999,7.099371080067,7.485162637039999
E1770N3200,5.385448407459001,5.145629288729001,4.950556301407001,3.968310178336,8.189316320362998,5.824757139072,0.9497455100900001,4.917298969616001,6.674897543264999,5.871019160938998,2.660010082523,6.083791507615001,6.644374888302998,9.287840126945992,4.473821209649,7.587579388927999,6.3235426584339995,7.314724073950998,8.635606096089994,5.835834374944001,3.1254652497060005,3.7021576596900005,7.207661816610999,5.408259908637999,5.619597056551002,5.6692963824080005,7.982814710430999,3.319188933615,3.9218645731170008,5.666440322660999,4.570677165774001,2.979259779526,5.524372086969,7.323947923404999,7.709739480377999
E1770N3205,5.839983808069,5.6001646893390005,5.405091702017001,4.422845578946,8.643851720972998,6.279292539682,1.4042809107,5.371834370226001,7.129432943874998,6.325554561548997,3.1145454831330004,6.538326908225001,7.0989102889129985,9.742375527555993,4.928356610259001,8.042114789538,6.778078059043999,7.7692594745609975,9.090141496699994,6.290369775554001,3.5800006503160007,4.156693060300001,7.662197217220999,5.862795309247998,6.074132457161001,6.123831783018001,8.437350111040997,3.773724334225,4.376399973727001,6.120975723270999,5.025212566384001,3.433795180136,5.978907487578999,7.778483324014999,8.164274880987998
E1775N3125,3.273075001152,9.404722366555003,6.869973920271999,8.294986744067,10.252258028448,8.070246218878,7.136221948738999,6.064900471549001,10.480732171514001,10.130112238765005,5.013984263799,5.634885739937,3.8135075081419996,7.579344242706999,5.935929317101999,10.224092669445003,4.549027432788,3.8214334623320005,3.434952379542,2.9267384236119995,10.474467387295006,5.382790231502001,10.302041831691001,8.235781860563,6.700459514279999,5.024612693633,11.185767293757,4.465829673388001,7.720386032431998,7.729382030745999,7.100615088919,7.446339216233998,6.595934456561999,11.129782551654,10.037377455568
E1775N3130,2.9821054401000002,9.113752805503001,6.579004359219999,8.004017183015,9.961288467395999,7.779276657826,6.845252387686999,5.7739309104970005,10.189762610462,9.839142677713003,4.723014702747,5.343916178884999,3.5225379470899996,7.288374681654999,5.644959756049999,9.933123108393001,4.258057871736,3.5304639012800005,3.14398281849,2.63576886256,10.183497826243006,5.091820670450001,10.011072270639001,7.944812299510999,6.4094899532279985,4.733643132581,10.894797732704998,4.174860112336001,7.429416471379997,7.438412469693999,6.809645527866999,7.155369655181998,6.304964895509999,10.838812990601998,9.746407894516
E1775N3135,2.1123964953,8.551583903972999,6.016835457689999,7.134308238215,9.399119565865997,7.2171077562959995,6.2830834861569995,4.904221965697001,9.627593708931997,9.276973776183,4.160845801217,4.474207234085,2.6528290022899994,6.418665736854999,5.082790854519999,9.370954206862997,3.388348926935999,2.660754956480001,2.27427387369,2.07359996103,9.621328924713001,4.52965176892,9.448903369108997,7.382643397980999,5.539781008427999,3.8639341877809996,10.332628831174993,3.612691210806001,6.867247569849997,6.876243568163999,6.247476626336999,6.593200753651998,5.742795993979999,10.276644089071995,9.184238992985996
E1775N3140,1.8303715525900002,8.482606655462998,5.94785820918,6.852283295505,9.330142317355996,7.148130507786001,6.214106237647,4.6221970229870015,9.558616460421996,9.207996527673,4.091868552707001,4.192182291375,2.37080405958,6.719685816354999,5.013813606009999,9.301976958352999,3.106323984226,2.79016693861,2.57529395319,2.0046227125200002,9.552351676203001,4.333475593267001,9.379926120598997,7.313666149471,5.257756065718,3.5819092450710004,10.263651582664993,3.5437139622960006,6.798270321339998,6.8072663196539995,6.178499377827,6.524223505141999,5.673818745469999,10.207666840561995,9.115261744475996
E1775N3145,1.4332944061600001,8.076701966843,5.54195352056,6.740402326415001,8.924237628735998,6.742225819166,5.808201549026999,4.510316053897001,9.152711771801998,8.802091839053,3.6859638640869994,4.080301322284999,2.2589230904899997,6.839388792145,4.6079089173900005,8.896072269733,2.994443015135999,2.6782859695199996,3.7602718330000005,1.5987180238999998,9.146446987583003,4.05476983179,8.974021431978999,6.907761460850999,5.145875096628,3.470028275981,9.857746894044997,3.1378092736759995,6.392365632719998,6.401361631034,5.772594689207,6.118318816521998,5.267914056849999,9.801762151941997,8.709357055855998
E1775N3150,0.5949164611,7.589232842613,5.0544843963299995,6.208069470635,8.436768504505997,6.254756694936,5.320732424796999,3.9779831981170015,8.665242647571997,8.314622714823,3.1984947398570003,3.5479684665050004,1.7265902347099997,6.307055936364999,4.12043979316,8.408603145503,2.462110159356,2.1459531137400005,3.294218842064001,1.20239936718,8.658977863353002,3.5673007075600007,8.486552307748997,6.4202923366209985,4.613542240848,2.937695420201001,9.370277769814999,2.6503401494460004,5.904896508489998,5.9138925068039985,5.285125564976999,5.6308496922919975,4.780444932619998,9.314293027711997,8.221887931625997
E1775N3155,0.0,7.167255879508,4.632507433224998,6.135285652112,8.014791541400998,5.832779731831,4.898755461691999,3.6957643162719993,8.243265684466996,7.892645751718001,2.776517776752,3.4751846479820006,2.32150669581,6.811694103611999,3.698462830054999,7.986626182397998,2.389326340833,2.740869574840001,3.8891353031640015,1.7013837038199997,8.237000900248002,3.145323744455,8.064575344643998,5.998315373515998,4.540758422324999,3.1356294181210007,8.948300806709993,2.2283631863410003,5.482919545384997,5.491915543698998,4.863148601871998,5.208872729186997,4.358467969514998,8.892316064606995,7.799910968520998
E1775N3160,0.9628198661930001,6.631176737445,4.096428291162,5.848493035409001,7.478712399337998,5.296700589768,4.362676319628999,3.1596851742089997,7.707186542403998,7.356566609655001,2.2404386346890006,3.8592430815950003,2.7967117047359995,7.195752537224999,3.1623836879919995,7.450547040334999,2.7733847744459994,3.318591761283,4.466857489607,2.391339067433,7.700921758185004,2.6092446023920006,7.528496202580999,5.462236231452999,4.558466731785999,3.519687851734,8.412221664646998,1.6922840442779998,4.946840403321998,4.955836401635999,4.327069459808999,4.672793587123998,3.822388827451999,8.356236922543998,7.263831826457999
E1775N3165,1.373767404725,6.717743431283,4.182994985,5.010804772747001,7.565279093175998,5.383267283606,4.449243013466999,2.321996911547,7.793753236241998,7.443133303493001,2.327005328527,3.7112012246569988,2.87748535947,7.05715262421,3.2489503818299994,7.5371137341729995,2.8541584291800004,3.3993654160170004,4.547631144340999,2.49997316809,7.787488452023004,2.005056911985,7.6150628964189995,5.548802925290999,3.720778469124,2.919577894026999,8.498788358484997,1.778850738116,5.033407097159998,5.042403095474,4.413636153646999,4.759360280961998,3.908955521289999,8.442803616381998,7.3503985202959985
E1775N3170,2.812238415889001,6.029738493259999,3.969634468539002,4.191097874508,7.208394487494994,4.843835306203999,3.2400253309880016,1.59177292747,6.969872415500995,6.7551283654699965,1.2511543260240001,2.9809772405799997,3.2155708793509996,6.326928640133,3.3007111202170014,6.892511456349996,3.1265640937829997,4.313064046465,5.498234906453,3.2626243833740003,6.372077411067998,0.6398260270880001,6.848044168862995,4.724922104549999,2.9905544850470003,2.18935390995,7.674907537743994,0.959146693046,4.601661767202,4.685518489792999,3.5897553329060017,3.863368984057001,3.9679276505859997,7.618922795640994,6.836603792713996
E1775N3175,3.093454638909001,5.498985968613001,4.250850691559002,4.002441800733001,7.489610710514993,5.125051529223999,2.777664884105001,1.913790572097,7.028254223148998,6.224375840822998,1.5323705490440005,3.3455451267600003,3.5801387655310006,6.6914965263129975,3.5819273432370013,7.1737276793699944,3.4911319799630003,4.6776319326449975,5.862802792632998,3.5438406063940007,5.841324886421,0.6090001489299999,7.129260391882995,5.006138327569998,3.188918375231001,2.5539217961300014,7.956123760763993,1.2403629160660001,4.275221253001,4.966734712812999,3.8709715559260016,3.3326164594100014,4.249143873605999,7.6773046032889996,7.1178200157339955
E1775N3180,3.623183382389001,5.055470776000001,4.780579435039001,3.55892660812,8.019339453994991,5.654780272703998,2.334149691492,1.9829938161639997,6.584739030535999,5.780860648209998,2.062099292524,3.526614559585999,3.761208198356999,6.872565959139001,4.111656086717001,7.497420876199,3.6722014127889993,4.858701365471,6.043872225459001,4.073569349874,5.397809693808001,0.7678525062379999,7.117503303882001,5.318101395908998,3.258121619298,2.734991228956,7.892656197702,1.7700916595460001,3.831706060388001,5.4964634562929975,4.400700299406,2.8891012667970006,4.778872617085999,7.233789410676001,7.619580967649
E1775N3185,4.013729141469001,4.599574500879999,4.8374006144739985,3.103030333,8.060234491041998,5.528577150361997,1.8782534163720004,2.3767918218839994,6.128842755415998,5.324964373089997,2.452645051604,3.9204125653059987,4.155006204076999,7.266363964859003,4.360665522716,7.041524601078999,4.065999418508999,5.252499371191001,6.437670231179002,4.464115108954,4.941913418687999,1.1616505119579996,6.661607028761999,4.862205120788997,3.651919625018,3.1287892346759993,7.436759922581999,2.1606374186259996,3.3758097852680007,5.553284635727999,4.4575214788410005,2.433204991677,5.169418376166001,6.777893135555999,7.1636846925289985
E1775N3190,4.828071429631,5.045532203144,4.850459215822,2.5958209371359993,8.089219234777998,5.724660053487001,0.8427778909499999,3.5448097284160007,6.5748004576799985,5.770922075353997,2.559912996938,4.711302266415001,5.271885647102999,7.9153508857459975,4.373724124063999,7.487482303343,4.951053417233999,5.942234832750998,7.263116854889998,5.278457397115998,3.9064378932660007,2.32966841849,7.107564731025999,5.3081628230529985,4.247107815351002,4.296807141208001,7.882717624845999,2.974979706788,3.821767487532,5.5663432370759995,4.470580080189,2.8791626939409993,5.424275001383999,7.22385083782,7.609642394792999
E1775N3195,5.291104734501,5.247996317260999,5.0529233299389995,3.0588542420059994,8.291683348894995,5.927124167604,0.7452872881999999,4.007843033286001,6.777264571796998,5.973386189470997,2.762377111055,5.174335571285002,5.734918951972999,8.378384190615996,4.576188238181,7.689946417459999,5.414086722104,6.405268137620999,7.726150159759998,5.741490701985998,3.808947290516001,2.79270172336,7.310028845142999,5.510626937169998,4.710141120221002,4.759840446078001,8.085181738962998,3.421555962146999,4.024231601649,5.768807351192999,4.673044194306001,3.081626808057999,5.626739115500999,7.426314951936999,7.812106508909999
E1775N3200,5.718120322246001,5.478301203516001,5.283228216194002,3.8435461689909993,8.521988235149996,6.157429053859001,0.824981500745,4.792534960271001,7.007569458051999,6.203691075725998,2.9926819973100005,5.959027498270001,6.519610878957998,9.163076117600996,4.806493124436001,7.920251303715,6.198778649088999,7.189960064605998,8.510842086744995,6.168506289731002,3.8443864490010005,3.577393650345,7.540333731398,5.740931823424999,5.494833047206002,5.544532373063,8.315486625218,3.6518608484020003,4.2545364879040015,5.999112237448,4.903349080561001,3.3119316943130004,5.857044001756001,7.656619838192,8.042411395164999
E1775N3205,6.050189037381001,5.810369918651,5.615296931329001,4.175614884126,8.854056950284996,6.489497768994001,1.1570502158799998,5.124603675406001,7.339638173186999,6.535759790860998,3.324750712445001,6.291096213405001,6.851679594092998,9.495144832735996,5.1385618395709995,8.25232001885,6.530847364223999,7.522028779740998,8.842910801879995,6.500575004866001,4.131171919626,3.9094623654800005,7.872402446532999,6.073000538559999,5.826901762341001,5.876601088198,8.647555340352998,3.983929563537001,4.586605203039001,6.331180952583,5.235417795696001,3.644000409448001,6.189112716891,7.988688553327,8.374480110299997
E1775N3210,6.7019630065090015,6.462143887779002,6.267070900457001,5.196242075916,9.505830919412999,7.141271738122,2.1776774076699996,6.145230867196001,7.991412142314998,7.187533759988998,3.976524681573,7.311723405195001,7.872306785882999,10.515772024525996,5.790335808699,8.904093987977998,7.551474556013999,8.542655971530998,9.863537993669993,7.152348973994001,4.441979848756001,4.930089557270002,8.524176415661,6.724774507687999,6.847528954131002,6.897228279988,9.299329309480997,4.635703532665001,5.238379172167002,6.9829549217109985,5.887191764824,4.2957743785760005,6.840886686019,8.640462522454998,9.026254079427998
E1775N3215,6.962242945719001,6.722423826989001,6.527350839667,5.456522015126,9.766110858622998,7.401551677332,2.4379573468799993,6.405510806406,8.251692081524999,7.447813699198997,4.236804620783001,7.572003344405,8.132586725092999,10.776051963735997,6.050615747909,9.164373927187999,7.811754495223998,8.802935910740999,10.123817932879994,7.412628913204,4.702259787966001,5.190369496480002,8.784456354870999,6.9850544468979985,7.1078088933410015,7.157508219198,9.559609248690998,4.895983471875001,5.498659111377001,7.243234860920999,6.147471704034,4.556054317786,7.101166625228999,8.900742461664999,9.286534018637997
E1780N3125,3.8982550922499994,10.337442500922998,7.802694054639998,7.756852293674998,11.184978162815996,9.002966353246,8.068942083106998,5.849603780520999,11.413452305881997,11.062832373133,5.946704398166999,5.096751289544999,4.142690407497,6.9420965199949975,6.868649451469998,11.156812803812999,4.141116286709999,3.18418573962,1.6209037185600002,3.8594585579799996,11.407187521663001,6.315510365869999,11.234761966058997,9.168501994930997,6.162325063887998,4.867838245328999,12.118487428124993,5.398549807756001,8.653106166799997,8.662102165113998,8.033335223286999,8.379059350601995,7.528654590929998,12.062502686021995,10.970097589935996
E1780N3130,3.2444704032800002,9.683657811953,7.148909365669999,8.266382146195,10.531193473845997,8.349181664276,7.415157394136999,6.036295873677001,10.759667616911996,10.409047684163001,5.292919709197,5.606281142065,3.7849029102699996,7.550739644834999,6.214864762499999,10.503028114842998,4.520422834915999,3.7928288644600006,2.8270723722700004,3.20567386901,10.753402832693002,5.6617256769,10.580977277088998,8.514717305960998,6.671854916407999,4.996008095761,11.464702739154994,4.744765118786001,7.999321477829997,8.008317476143999,7.379550534316999,7.725274661631997,6.874869901959998,11.408717997051996,10.316312900965997
E1780N3135,2.9266022604,9.365789669073,6.831041222789999,7.596016683705,10.213325330965997,8.031313521396,7.097289251256999,5.6887681705510005,10.441799474031997,10.091179541283001,4.975051566317,4.935915679575,3.4670347673899995,6.781260910024999,5.8969966196199985,10.185159971963,3.980280676739999,3.02335012965,1.4600681085899998,2.88780572613,10.435534689813004,5.34385753402,10.263109134208998,8.196849163080998,6.0014894539179995,4.678139952881,11.146834596274996,4.426896975906001,7.681453334949997,7.690449333263999,7.061682391436999,7.407406518751997,6.557001759079998,11.090849854171996,9.998444758085999
E1780N3140,2.2894578929500002,9.045253911878,6.510505465594999,6.7200889070150005,9.892789573771,7.7107777642010005,6.776753494061999,4.618495613657,10.121263716836998,9.770643784088001,4.6545158091220005,4.059987902884999,2.3198030895299997,5.905333133335,5.576460862424999,9.864624214767998,3.055323014176,2.14742235296,2.0326584463,2.89694079903,10.090755792408002,4.3770881528970005,9.942573377014,7.876313405886,5.125561677227999,3.530908275021,10.826298839079994,4.106361218711,7.360917577754997,7.369913576068999,6.741146634241999,7.086870761556998,6.236466001884999,10.770314096976996,9.677909000890999
E1780N3145,1.66750149435,8.661817875863,6.12706942958,6.6894132372650015,9.509353537755997,7.327341728186,6.393317458046999,4.459326964747002,9.737827680821995,9.387207748073001,4.271079773107001,4.029312233135,2.2079340013399995,6.788399702995,5.19302482641,9.481188178752998,2.9434539259859998,2.62729688037,3.61140431277,2.2749844004299993,9.731562896603002,4.170605535027001,9.559137340998998,7.492877369871,5.094886007478,3.419039186831,10.442862803064997,3.722925182696,6.977481541739998,6.986477540054,6.3577105982269995,6.703434725541998,5.8530299658699985,10.386878060961998,9.294472964875997
E1780N3150,1.6151810101900002,8.228873829648,5.694125383364999,5.3258137514250015,9.076409491540998,6.894397681971,5.960373411831999,3.4114635656580012,9.304883634606998,8.954263701858,3.838135726892,2.665712747295,0.8443345155,5.424800217155,4.760080780194999,9.048244132537999,1.5798544401460002,1.26369739453,2.4119631228540004,2.2226639162699993,9.298618850388005,3.5607080706670002,9.126193294783999,7.059933323656,3.7312865216380007,2.0554397009909997,10.009918756849995,3.2899811364810003,6.544537495524997,6.553533493838999,5.924766552011999,6.270490679326999,5.4200859196549995,9.953934014746995,8.861528918661
E1780N3155,1.24087975269,7.829374199618001,5.294625753334999,5.888128276242002,8.676909861510996,6.494898051941001,5.560873781801999,3.383954788559,8.905384004576996,8.554764071828,3.438636096862,3.228027272112001,2.05220529279,6.564536727742001,4.3605811501649985,8.648744502507999,2.1421689649629996,2.47156817182,3.6198339001440005,2.6693989539299996,8.899119220358001,3.0670147889970005,8.726693664753997,6.660433693626,4.2936010464550005,2.888472042251001,9.610419126819991,2.890481506451,6.145037865494997,6.154033863808999,5.525266921981999,5.8709910492969986,5.020586289624999,9.554434384716993,8.462029288630998
E1780N3160,1.6571382834930002,6.749957864815,4.215209418531999,4.816148166769,7.597493526707998,5.415481717137999,4.484526381619,2.127340305569,7.8259676697739975,7.475347737025001,2.4956553766550003,3.5165446186789997,2.5288219083759995,6.862496018231998,3.2811648153620006,7.569328167704999,2.505494978086,3.050701964923,4.198967693247,3.0856574847329994,7.744223751458998,1.8104003060070004,7.647277329950999,5.581017358822998,3.5261218631460007,2.7249212880489995,8.531002792017,2.170350716447001,5.065621530691997,5.074617529005999,4.445850587178999,4.791574714493998,3.9411699548219996,8.475018049913999,7.382612953827999
E1780N3165,6.341088011449001,6.602818050510002,6.840644164104001,4.848515221603001,10.063478040672003,7.531820699991999,3.8814969660019996,4.348174193456001,8.132086305046,7.328207922719999,4.550097945220001,5.512207975283001,6.072791355971001,8.716256594614,6.363909072346002,9.044768150709002,5.751959126102001,6.743140541619,8.064022563758,6.791473978934,6.945156968318002,3.8426850003079998,8.664850578392,6.865448670418999,5.048013524219001,5.409496557033002,9.440003472212002,4.487996288606,5.379053334898001,7.556528185358001,6.460765028471003,4.4364485413070005,7.414459949666001,8.781136685186002,9.166928242159
E1780N3170,2.8356439536460005,6.540314664039999,4.3562351336309995,3.4445413659900006,7.738519241806999,5.556507432236999,3.818993579532001,0.7557335047899999,7.770867505850996,7.265704536249997,2.073340510847,2.1449378178999994,2.3795314566709997,5.490889217453,3.4221905304610005,7.693506546699997,2.290524671103,3.4770246237849993,4.662195483773,3.825658977881,6.882653581847999,0.855276843308,7.649039259212996,5.525917194899999,2.154515062367,1.35331448727,8.475902628093996,1.800604221066,5.206647245790998,5.215643244104999,4.390750423256001,4.373945154837001,4.082195669921,8.419917885990996,7.523638668926998
E1780N3175,3.7181085793060005,5.915732075983003,4.711244953358999,3.1312704558700006,7.950004972314995,5.585445791024,3.1944109914750003,0.8492542599169999,7.445000330519002,6.6411219481930015,2.0139559053169998,2.3942601909469996,2.7378555778309996,5.740211590500002,4.042321605037001,7.6341219411699965,2.6340113417659996,3.8353487449449988,5.005682154436,4.237821490644,6.258070993791003,0.7178872431180001,7.589654653682996,5.466532589369999,2.1243820630509997,1.71163860843,8.416518022563997,1.7787685356649998,4.6919673603710015,5.427128974613,4.3313658177260015,3.7493625667800003,4.943124757855998,8.094050710659003,7.578214277533997
E1780N3180,4.169720582368001,5.275307534364003,5.093530012568001,3.5210047054570004,8.332290031523996,5.967730850233002,2.553986449856,1.489678801536,6.804575788900001,6.000697406574001,2.396240964526,3.034684732566,3.37828011945,6.380636132119003,4.424606664246001,7.717257634563002,3.274435883385,4.475773286563999,5.646106696055001,4.620106549853001,5.617646452172003,1.0748220084489999,7.337340062246002,5.537938154273001,2.76480660467,2.3520631500489997,8.112492956066003,2.1610535948739997,4.051542818752001,5.8094140338220015,4.713650876935001,3.108938025161,5.325409817064999,7.453626169040002,7.839417726013002
E1780N3185,5.594505830073999,5.8562358691349985,6.094061982728998,2.0422452876549997,9.316895859296999,6.785238518616996,2.148725002401,4.052884851349001,7.385504123670997,6.581625741344997,3.8035157638450006,4.447253528571001,5.930124441050999,7.376702225282999,5.617326890970999,8.298185969333998,5.065693741379,6.413099245029,7.437364554049002,6.044891797558997,5.2123850047169995,3.0961028189329998,7.918268397016998,6.118866489043996,3.708459154888,4.723231172309999,8.693421290836998,3.741414107231,4.632471153523,6.809946003982997,5.714182847095999,3.689866359932,6.667877768290999,8.034554503810998,8.420346060783997
E1780N3190,4.939851539009,5.20158157807,5.439407691663999,1.8501918182500001,8.662241568231998,6.1305842275519975,1.4940707113360001,3.6565898377940007,6.7308498326059985,5.926971450279997,3.1488614727800006,4.255200059166,5.383665756480998,7.1846487558779994,4.962672599906,7.643531678268999,4.873640271973999,6.054014942128998,7.245311084644,5.390237506493998,4.557730713652001,2.441448527868,7.263614105951999,5.4642121979789975,3.5164056854830004,4.408587250586,8.038766999772,3.086759816166,3.977816862458001,6.1552917129179985,5.059528556031,3.035212068867,6.013223477225999,7.379900212745999,7.765691769718998
E1780N3195,5.140900105738,5.402630144799,5.640456258392999,2.6235981905509997,8.863290134960994,6.331632794280997,1.653292622723,3.8576384045230006,6.931898399334998,6.128020017008996,3.3499100395090005,5.024130942522001,5.584714323209998,7.958055128178999,5.163721166635001,7.844580244997999,5.2638820933409995,6.255063508857997,7.575945530996997,5.591286073222998,4.716952625039002,2.642497094597001,7.464662672680999,5.665260764707997,4.289812057784,4.6096358173150005,8.239815566500999,3.2878083828949998,4.178865429187001,6.356340279646999,5.260577122760001,3.236260635596,6.214272043954998,7.5809487794749995,7.966740336447999
E1780N3200,6.938421598701,6.698602479970999,6.503529492649,3.2093860806149994,9.742289511604996,7.377730330314,2.0452827771999997,5.859642137323998,8.227870734506999,7.4239923521809965,4.212983273765,6.254010814545999,7.736881727026,9.183459511258002,6.026794400890999,9.140552580169999,6.872451027353999,8.219856531004,9.244121840024004,7.388807566186,5.064687725456,4.7976949268,8.760635007852999,6.961233099879998,5.515216440863,6.529988458284998,9.535787901672999,4.872162124857,5.474837764359,7.219413513902999,6.1236503570159995,4.532232970768,7.077345278210999,8.876921114646999,9.262712671619997
E1780N3205,6.789058773381,6.549239654650999,6.354166667329,3.613005330639,9.592926686284999,7.228367504993999,1.89591995188,5.863473411405999,8.078507909186998,7.274629526860997,4.0636204484450005,6.657630064569998,7.590549330092997,9.587078761282003,5.8774315755709985,8.99118975485,7.269717100223997,8.260898515740998,9.581780537879997,7.239444740865999,4.915324900136,4.648332101479999,8.611272182533002,6.811870274559998,5.918835690886998,6.615470824197999,9.386425076353,4.722799299537,5.325474939039,7.070050688582998,5.974287531695999,4.382870145448,6.927982452890999,8.727558289327,9.1133498463
E1780N3210,7.546539948471,7.306720829740999,7.111647842419,4.298385989429,10.350407861374999,7.985848680083999,2.65340112697,6.6209545864959995,8.835989084276997,8.032110701950996,4.821101623535001,7.343010723359999,8.348030505182997,10.272459420072002,6.634912750660998,9.748670929940001,7.961450936167999,9.018379690830997,10.333121748838003,7.996925915956,5.672806075226,5.405813276569999,9.368753357623001,7.569351449649997,6.604216349676999,7.372951999287999,10.143906251443001,5.4802804746269995,6.082956114129,7.8275318636729985,6.731768706785998,5.140351320538,7.685463627980998,9.485039464417001,9.87083102139
E1780N3215,7.867773896791,7.6279547780609995,7.432881790739001,4.347093744682999,10.671641809694998,8.307082628404,2.97463507529,6.942188534815999,9.157223032596997,8.353344650270996,5.142335571855001,7.391718478614001,8.669264453502995,10.321167175326002,6.956146698980999,10.069904878260001,8.010158691422,9.339613639150997,10.381829504092003,8.318159864276,5.994040023546,5.72704722489,9.689987305943001,7.890585397969998,6.652924104931,7.667696122353,10.465140199763,5.801514422947,6.404190062449,8.148765811992998,7.053002655105999,5.461585268858,8.006697576300999,9.806273412737001,10.19206496971
E1780N3220,8.652493786125,8.412674667395,8.217601680073,5.131813634016997,11.456361699029,9.091802517738001,3.7593549646240008,7.7269084241499995,9.941942921930998,9.138064539604997,5.927055461189001,8.176438367948,9.453984342836996,11.105887064660003,7.740866588314998,10.854624767594002,8.794878580756,10.124333528484998,11.166549393426004,9.10287975361,6.77875991288,6.511767114223999,10.474707195277002,8.675305287303997,7.437643994265001,8.452416011687001,11.249860089097002,6.5862343122809985,7.188909951782999,8.933485701327,7.837722544439998,6.2463051581919995,8.791417465634998,10.590993302071002,10.976784859044
E1785N3125,3.9147015706399992,10.353888979312998,7.819140533029999,7.773298772064999,11.201424641205996,9.019412831636,8.085388561496998,5.866050258910999,11.429898784271996,11.079278851523,5.963150876557,5.113197767935,4.159136885887,6.958542998384998,6.8850959298599985,11.173259282202999,4.1575627651,3.20063221801,1.63735019695,3.8759050363699994,11.423634000053001,6.33195684426,11.251208444448997,9.184948473320997,6.178771542277999,4.884284723718999,12.134933906514995,5.414996286146001,8.669552645189997,8.678548643503998,8.049781701676999,8.395505828991999,7.545101069319998,12.078949164411995,10.986544068325996
E1785N3130,4.412937112020001,10.852124520692996,8.317376074409998,6.982219237835001,11.699660182585994,9.517648373015998,8.583624102876996,5.074970724681001,11.928134325651994,11.577514392902998,6.461386417937001,4.322118233705001,3.368057351657,6.167463464155,7.383331471239999,11.671494823582997,3.3664832308699997,2.4095526837800003,0.8462706627200001,4.37414057775,11.871573652348,5.937051260348,11.749443985828995,9.683184014700995,5.387692008048,4.093205189489,12.633169447894993,5.913231827526001,9.167788186569997,9.176784184883997,8.548017243056997,8.893741370371997,8.043336610699999,12.577184705791993,11.484779609705994
E1785N3135,3.3540973602129998,9.76704426437,7.575144932857999,6.329494425405001,10.957429041034,8.775417231464,7.045723179862,4.422245912251001,11.185903184099999,10.49243413658,5.719155276384999,3.6693934212749997,2.668571444286999,5.5147386517250006,6.6411003296879985,10.929263682031,2.7137584184399994,1.75682787135,1.6420639646900002,3.6993139403599997,10.109383182178,5.116135647098,11.007212844277001,8.940952873149,4.734967195618,3.440480377058999,11.890938306342996,5.171000685974,8.425557045017996,8.434553043331999,7.8057861015049985,7.600674755167,7.301105469147998,11.834953564239997,10.742548468154
E1785N3140,3.325561436863,9.738508341020003,7.546609009507998,5.649859107495001,10.928893117684002,8.746881308114002,7.017187256511999,3.742610594341001,11.157367260750002,10.463898213230001,5.690619353034999,2.989758103365,1.988936126377,4.835103333815,6.612564406337998,10.900727758681002,2.03412310053,1.07719255344,0.9624286467800002,3.67077801701,10.080847258828001,4.604691130008001,10.978676920927002,8.912416949799,4.055331877708,2.7608450591489997,11.862402382992997,5.142464762623999,8.397021121667999,8.406017119981998,7.777250178154998,7.572138831816999,7.272569545797999,11.806417640889999,10.714012544804001
E1785N3145,2.659382823664,9.273075643121999,6.738327196839001,5.404315061684999,10.120611305014997,7.938599495445002,7.0045752253060005,3.497066548531001,10.349085448080995,9.998465515331999,4.882337540366001,2.7442140575550003,1.1540253795570001,4.589559288004999,5.804282593669001,10.092445946011996,1.7873993275000002,0.30920197183,1.5507015999599998,3.2668657297439996,10.227543811926,4.200167073386001,10.170395108257997,8.104135137130001,3.8097878318980003,2.3651305650479992,11.054120570323992,4.334182949955001,7.588739308998999,7.597735307313001,6.968968365486001,7.314692492801,6.464287733129001,10.998135828220994,9.905730732134996
E1785N3150,2.29028851922,8.903981338678003,6.369232892394999,4.833957884249,9.751517000571,7.569505191001,6.534383583717001,2.9267093710950003,9.979991143637001,9.629371210888003,4.513243235921999,2.1738568801189997,0.524525153664,4.749692708125,5.435188289224999,9.723351641568,1.0879985729700001,0.5885898855,2.0693017303200003,2.8977714252999993,9.598043586033,3.570666847493001,9.801300803814001,7.735040832686,3.239430654462,1.7356303391549999,10.685026265879996,3.9650886455110004,7.219645004554997,7.228641002868999,6.599874061041999,6.945598188356999,6.095193428685,10.629041523776998,9.536636427691
E1785N3155,1.939762423783,8.528256870711001,5.993508424428,4.202447825252,9.375792532603997,7.193780723034001,6.001544835823,2.295199312098,9.604266675669997,9.253646742921001,4.137518767955,1.5423468211219997,0.479815444263,4.878856276752,5.059463821257999,9.347627173600998,0.456488513973,1.150164629911,2.579251909397,3.3682816250229997,9.065204838138998,3.037828099599,9.425576335846998,7.3593163647190005,2.607920595465,1.2027915912609999,10.309301797912992,3.5893641775440006,6.843920536587998,6.852916534902,6.2241495930749995,6.556496411128,5.719468960718,10.253317055809994,9.160911959723999
E1785N3160,2.534544950823,8.640717830341998,6.187364990152,4.081505489202001,9.569649098327996,7.387637288758,5.9193967458340015,2.174256976048,9.798123241393998,9.366107702551995,4.173743677148999,1.4214044850719998,1.0499244584799998,5.137044662262,5.253320386982001,9.541483739324999,0.335546177923,1.7202736441279998,2.8374402949070006,3.948106910089998,8.983056748149998,2.9556800096099995,9.619432901570997,7.553172930442999,2.486978259415,1.1206435012720002,10.503158363636995,3.901007387368,7.037777102311998,7.046773100626,6.418006158799001,6.474348321139002,5.913325526441999,10.447173621533995,9.354768525447996
E1785N3165,3.460988645744,7.456226844803,4.921478398520001,3.184660597937,8.303762506695998,6.121750697126,4.818825185712,1.1456275736930002,8.532236649761998,8.181616717013002,3.073172117027,1.0450541143500003,1.531952440211,4.791466170370001,3.9874337953500008,8.275597147692999,1.1176483308229999,2.4650538344730006,3.4893191434929998,4.390902242770001,7.882485188027999,1.8551084494879997,8.353546309938999,6.287286338810999,1.611280504967,0.35462173881000003,9.237271772004997,2.8004358272460004,5.771890510679999,5.780886508994,5.152119567167,5.373776761017001,4.6474389348099985,9.181287029901997,8.088881933815998
E1785N3170,3.6722461386460012,7.2038721149399985,5.192837318630998,2.85743526468,8.575121426806994,6.308387847453999,4.482551030432001,0.364699487267,8.434424956750995,7.929261987149996,2.736897961747001,1.4071268604299996,2.5113087109209995,4.753078259983002,4.2587927154609995,8.357063997599996,1.6468780112489996,2.9942835148990006,4.018548823919,4.662261162880999,7.546211032747998,1.5188342942079998,8.312596710112995,6.189474645799998,1.464110326687,1.3044154421799998,9.139460078993991,2.464161671966,5.9801073993279985,6.052245429104998,5.054307874156,5.037502605737,4.918797854920999,9.083475336890992,8.301156333963997
E1785N3175,3.922086284976001,6.599885324573001,5.228925079868999,2.35809903466,8.467685098824996,6.103125917534,3.8785642400650002,0.393380933853,8.129153579109,7.325275196782998,2.5316360318270004,1.7821347251579993,2.8863165756490003,5.128086124711002,4.508632861791001,8.151802067679997,2.0218858759769995,3.3692913796270014,4.393556688647001,4.755501617154001,6.942224242381,1.235567369628,8.107334780192996,5.984212715879999,1.5122565972619995,1.6794233069079996,8.934198149073994,2.2964486621749995,5.376120608961,5.944809101123,4.849045944236002,4.43351581537,5.168638001250999,8.778203959249,8.095894404043998
E1785N3180,4.606043134306,5.9159284752430015,5.912881929198998,1.7487383760939998,9.151641948154996,6.787082766864,3.194607390735,1.0773377831829998,7.445196729779,6.641318347452999,3.2155928811570007,2.24137156501,3.3455534155009996,5.445420184340999,5.192589711120999,8.357878575442,2.481122715829,3.8285282194790007,4.852793528499,5.439458466484,6.258267393051001,1.9195242189580002,7.977961003125,6.178559095151999,1.777177113946,2.1386601467600004,8.753113896945,2.980405511505,4.6921637596310015,6.628765950452999,5.533002793566001,3.74955896604,5.852594850580998,8.094247109919001,8.480038666891998
E1785N3185,6.219984856920002,6.607811552809998,6.845637666403997,1.3707137443749997,10.068471542971999,7.536814202291995,2.900300686076,2.7977157811040003,8.137079807345996,7.333201425019995,4.5550914475200015,3.1920844583260006,4.674955370806,6.1215331550380006,6.368902574645999,9.049761653008996,3.8105246711340004,5.157930174784001,6.182195483804002,6.7964674812339965,5.9639606883919996,3.658231764143002,8.669844080691997,6.870442172718995,2.4532900846429997,3.4680621020650007,9.444996974511996,4.492989790906001,5.3840468371979995,7.561521687657997,6.465758530770999,4.441442043607001,7.414787782805003,8.786130187485997,9.171921744458995
E1785N3190,5.631373041058998,5.893103080119998,6.130929193713997,1.1075578911,9.353763070282,6.822105729601995,2.1855922133859997,3.1181974547940006,7.422371334655996,6.618492952329995,3.8403829748300007,3.512566132016001,4.995437044496001,6.442014828728,5.654194101955998,8.335053180318997,4.131006344824001,5.478411848474001,6.502677157494002,6.081759008543996,5.249252215702,3.1329700299180003,7.955135608001997,6.155733700028995,2.773771758333,3.788543775755001,8.730288501821997,3.7782813182160004,4.6693383645079996,6.846813214967997,5.751050058080999,3.7267335709170006,6.704744979275997,8.071421714795997,8.457213271768996
E1785N3195,8.474782567401999,8.815304037581999,8.645251872339001,2.588144400867,11.884011891295,9.519452710004,4.18700515689,5.238400457575999,10.344572292118,9.540693909791997,6.3547056534549995,5.632769134798,7.115640047278,8.56221783151,8.168516780580998,11.257254137781,6.251209347606,7.598614851256001,8.622880160276003,9.092073315619,7.2064101051459994,6.098916440615001,10.877336565464,9.077934657490996,4.8939747611149995,5.908746778536999,11.652489459284,6.7885956252909985,7.59153932197,9.361135893592998,8.265372736705999,6.648934528378999,9.219067657900998,10.993622672258,11.379414229231001
E1785N3200,6.090395138858001,6.352125177919,6.589951291513,2.9940465989449994,9.812785168080994,7.281127827400998,2.602787655842999,4.807133437643,7.881393432454999,7.077515050128997,4.299405072629001,5.973625975642002,6.534209356329999,8.907550161298998,6.113216199755001,8.794075278117997,6.213377126461,7.204558541977998,8.525440564116998,6.540781106342998,5.666447658159003,3.591992127717,8.414157705801,6.614755797827998,5.239307090904001,5.559130850435001,9.189310599620999,4.237303416015,5.128360462307001,7.305835312767,6.210072155880002,4.185755668716,7.163767077074999,8.530443812595,8.916235369567998
E1785N3205,7.682520669745,7.4427015510149985,7.247628563693,4.048674436779001,10.486388582648997,8.121829401358,2.789381848244,6.698930493487998,8.971969805550996,8.168091423224997,4.957082344809001,7.093299170709998,8.484011226456998,10.022747867422002,6.770893471934999,9.884651651213998,7.711739383517998,9.059144887168,10.083410196188002,8.132906637229999,5.8087867965,5.541793997844,9.504734078897,7.705332170923998,6.354504797026998,7.369276814448997,10.279886972716998,5.616261195901,6.218936835403,7.963512584946998,6.86774942806,5.276332041811999,7.821444349254999,9.621020185690998,10.006811742663999
E1785N3210,7.903747464439001,7.947207753901,7.752134766579001,3.619487460285999,10.990894785534998,8.626335604244,3.2938880511299997,6.269743516995,9.476476008436997,8.672597626110996,5.461588547695001,6.664112194217,8.146983106697,9.593560890929,7.275399674820999,10.3891578541,7.282552407024999,8.629957910675001,9.654223219695002,8.354133431923998,6.313292999386,5.405344453298,10.009240281783,8.209838373809998,5.925317820534,6.940089837955999,10.784393175603,6.0506557415960005,6.723443038289,8.468018787832998,7.3722556309459994,5.780838244698001,8.325950552140998,10.125526388577,10.51131794555
E1785N3215,8.742460468625005,8.502641349895002,8.307568362573004,4.65951157204,11.546328381529003,9.181769200238005,3.849321647123999,7.309767628749,10.031909604431002,9.228031222105,6.017022143689003,7.7041363059710015,9.187007218451,10.633585002683002,7.830833270815,10.944591450094006,8.322576518779002,9.669982022429004,10.694247331449004,9.192846436110004,6.868726595380002,6.445368565052001,10.564673877777006,8.765271969804003,6.965341932288001,7.980113949710001,11.339826771597005,6.676200994781001,7.278876634283002,9.023452383827003,7.92768922694,6.336271840692001,8.881384148135004,10.680959984571006,11.066751541544004
E1785N3220,9.084714713775002,8.844895595045,8.649822607723001,5.00176581719,11.888582626679002,9.524023445388002,4.191575892274,7.652021873899,10.374163849581,9.570285467254998,6.359276388839001,8.046390551121,9.529261463601,10.975839247833001,8.173087515965,11.286845695244002,8.664830763929,10.012236267579,11.036501576599,9.535100681260003,7.210980840530001,6.787622810202,10.906928122927004,9.107526214954,7.3075961774380005,8.32236819486,11.682081016747002,7.018455239931001,7.621130879433001,9.365706628977001,8.269943472089999,6.678526085842001,9.223638393285,11.023214229721003,11.409005786694003
E1790N3130,4.476263394066999,10.915450802739997,8.380702356456997,6.757265517082,11.762986464632995,9.580974655062999,8.582959929279001,4.850017003928,11.991460607698995,11.640840674949999,6.524712699984,4.097164512952,3.1431036309039992,5.942509743401999,7.446657753286998,11.734821105629997,3.1415295101169995,2.1845989630269997,0.621316941967,4.4374668597969995,11.646619931595001,5.712097539594999,11.812770267875996,9.746510296747996,5.162738287294999,3.8682514687359997,12.696495729941994,5.976558109573,9.231114468616997,9.240110466930998,8.611343525103997,8.957067652418997,8.106662892746998,12.640510987838994,11.548105891752995
E1790N3135,3.8433437747339996,10.457036594192001,7.9222881479090015,5.952148216805001,11.304572256084999,9.122560446515003,7.777842629002001,4.044899703651001,11.533046399150999,11.182426466402001,6.066298491436002,3.292047212675,2.3379863306269995,5.137392443125,6.988243544739001,11.276406897082,2.3364122098399993,1.37948166275,0.46216970375,4.4314333894999995,10.841502631318,4.906980239318,11.354356059328,9.288096088200001,4.357620987018001,3.063134168459,12.238081521393996,5.5181439010250015,8.772700260069,8.781696258383,8.152929316556001,8.332794204307001,7.648248684199001,12.182096779290996,11.089691683204999
E1790N3140,3.396093197304,10.009786016762002,7.475037570479001,5.504897639375,10.857321678655,8.675309869085003,7.330592051572001,3.5976491262210013,11.085795821721,10.735175888972002,5.619047914006002,2.8447966352450003,1.8907357531969997,4.690141865694999,6.540992967309001,10.829156319652,1.8891616324099996,0.93223108532,0.63105093574,3.98418281207,10.394252053888001,4.459729661888,10.907105481898,8.840845510770002,3.9103704095880003,2.615883591029,11.790830943963996,5.070893323595001,8.325449682639,8.334445680953001,7.705678739126001,7.885543626877001,7.200998106769001,11.734846201860996,10.642441105775001
E1790N3145,3.07410167262,9.473759665200003,7.020406825010001,4.833889821954999,10.402690933185998,8.220679123616002,6.752438580692002,2.926641308801001,10.631165076252,10.199149537409998,5.006785512006999,2.173788817825,1.3083383070640002,4.019134048274998,6.086362221840002,10.374525574183,1.2181538149899998,0.2612232679,1.28548857692,3.6815845786999994,9.816098583008003,3.7887218444679998,10.452474736428998,8.386214765301,3.239362592168,1.9448757736089999,11.336200198494996,4.734049222225998,7.870818937169999,7.879814935484001,7.251047993657001,7.307390155997002,6.746367361299999,11.280215456391998,10.187810360305997
E1790N3150,2.8622672745800006,9.119730463800002,6.666377623610001,4.479860620555,10.048661731785996,7.866649922216001,6.398409379292002,2.572612107401001,10.277135874852,9.845120336009996,4.652756310606999,1.819759616425,1.00414430662,3.939122145674999,5.732333020440001,10.020496372783,0.8641246135899998,0.6152524693,1.63951777832,3.7083419877500003,9.462069381608002,3.434692643068,10.098445535028997,8.032185563901,2.885333390768,1.590846572209,10.982170997094997,4.380020020825999,7.51678973577,7.525785734084001,6.897018792257001,6.953360954597002,6.3923381598999995,10.926186254991997,9.833781158905996
E1790N3155,2.8925566848110003,9.132345584313004,6.6789927441230015,4.4924757410680005,10.061276852299,7.879265042729001,6.411024499805002,2.585227227914,10.289750995365003,9.857735456523,4.66537143112,1.8323747369380003,1.3609950970909999,4.607930176305999,5.744948140953002,10.033111493296003,0.8944140238210001,1.284060499931,2.308325808951,4.065192778221,9.474684502121004,3.447307763580999,10.111060655542001,8.044800684414,2.8979485112809993,1.603461692722,10.994786117608001,4.3926351413389995,7.529404856283,7.538400854597001,6.909633912770001,6.965976075110002,6.404953280412999,10.938801375505,9.846396279419
E1790N3160,3.419452257839,8.273860713348999,6.001676732636,3.3880639385929996,9.383960840812,7.201949031241999,5.552539628840999,1.7155203204020002,9.612434983877998,8.999250585558999,4.100380351538,0.25458551694,1.9348317654960001,4.300011465423002,5.067632129465999,9.355795481809,1.009992072053,2.357397575703,3.3816628847229997,4.8330142171059975,8.616199631157,2.882316683999,9.433744644055,7.367484672926999,1.5806114386860002,1.0051287475600001,10.317470106120997,3.8276440617570002,6.852088844795998,6.8610848431099996,6.232317901283,6.107491204145998,5.727637268925999,10.261485364017995,9.169080267932
E1790N3165,3.724860340369,7.939730626053001,5.667546645340002,3.026290678813,9.049830753515996,6.867818943946001,5.218409541545001,1.3813902331060004,9.278304896581995,8.665120498262997,3.8972369739270016,0.2175694142,2.240239848026,4.060679998053001,4.733502042170001,9.021665394512997,1.3154001545829999,2.6628056582330006,3.6870709672529998,5.13697048959,8.282069543861,2.6553344928959994,9.099614556758997,7.033354585631,1.218838178906,1.1258436696399998,9.983340018824993,3.624500684146001,6.5179587575,6.5269547558140015,5.898187813987002,5.77336111685,5.393507181630001,9.927355276721991,8.834950180635994
E1790N3170,4.160830962183,7.4843475568079985,5.656954696769001,2.207290374417,9.039238804945002,6.857226995375001,4.763026472299998,1.1309708183559999,9.013615811344,8.209737429017997,3.664610657037,0.9495367434340001,2.6430828210599997,3.895966149215,4.722910093599001,9.011073445942001,1.7513707763969997,3.0987762800470007,4.123041589066999,5.126378541019,7.8266864746159985,2.4049150781460003,9.089022608188003,7.0227626370600005,0.3998378745100001,1.436189552319,9.972748070253997,3.3918743672559994,6.2605828411959985,6.516362807243001,5.887595865416002,5.317978047604998,5.382915233059001,9.662666191484,8.824358232065
E1790N3175,4.518876311092,7.045854030661,5.987718700686998,1.76879684827,9.370002808863001,7.127232372963999,4.324532946153,1.13215358827,8.575122285196999,7.771243902870998,3.555742487257,1.3880302695809998,2.9738468249779997,4.317478966293,5.053674097516999,9.17590852311,2.1094161253059998,3.456821628956001,4.4810869379759986,5.457142544936997,7.388192948469,2.259673825058001,9.107886558543,7.0083191713099975,0.649235895898,1.7669535562369998,9.883039452363002,3.320555117604999,5.822089315049,6.847126811160998,5.873152399666,4.879484521458,5.713679236976998,9.224172665337,9.120000859474
E1790N3180,5.1200685429630015,7.022099389913001,6.551673160426999,1.5621824413049998,9.790433179382998,7.425873998092,4.165414841615999,1.6977994671469998,8.551367644449002,7.747489262122999,3.8543841123849996,2.092168144369,3.575039056848999,5.021616841080999,5.654866329388001,9.464049490112,2.710608357177,4.058013860827001,5.082279169847001,6.0583347768080005,7.229074843931998,2.558315450186001,9.084131917795,7.284730009822,1.3533737706859996,2.368145788108,9.859284811615002,3.619196742732999,5.798334674301001,7.267557181681,6.171794024794002,4.85572988071,6.314871468848001,9.200418024589002,9.418642484602
E1790N3185,5.5244589527200025,6.827593952310003,6.956063570184,0.675187840175,10.194823589139999,7.756596601792,3.278420240486,2.1021898769039997,8.356862206846,7.552983824519999,4.258774522142001,2.496558554126,3.979429466606,5.426007250838,6.059256739145002,9.269544052509,3.1149987669340002,4.462404270584001,5.486669579604002,6.4627251865650015,6.342080242801998,2.9627058599430014,8.889626480192,7.090224572219,1.7577641804429998,2.7725361978650005,9.664779374012001,4.02358715249,5.603829236698002,7.671947591438001,6.576184434551003,4.661224443107002,6.7192618786050025,9.005912586986002,9.391704143959
E1790N3190,6.196873235270003,6.799157587709996,7.036983701303996,0.20150338351,10.259817577871997,7.728160237191994,3.0916467209759997,2.774604159454,8.328425842245995,7.524547459919995,4.74643748242,3.168972836676,4.651843749156,6.098421533388001,6.560248609545997,9.241107687908997,3.787413049484,5.134818553134002,6.159083862154002,6.987813516133995,6.155306723291998,3.6351201424930015,8.861190115591997,7.061788207618995,2.4301784629929992,3.444950480415,9.636343009411997,4.6843358258059995,5.575392872097998,7.752867722557996,6.6571045656709975,4.632788078507,7.391676161155003,8.977476222385997,9.363267779358996
E1790N3195,6.651163994852003,7.2534483472919975,7.491274460885997,0.5030193484719999,10.714108337453995,8.182450996773994,3.5459374805580004,3.2288949190360006,8.782716601827993,7.978838219501995,5.200728242002001,3.623263596258001,5.106134508738,6.552712292970002,7.014539369127998,9.695398447490994,4.241703809066001,5.589109312716002,6.613374621736003,7.442104275715995,6.609597482873999,4.089410902075002,9.315480875173995,7.516078967200995,2.884469222575,3.899241239997001,10.090633768993994,5.138626585388001,6.029683631679999,8.207158482139997,7.111395325252998,5.087078838089001,7.845966920737004,9.431766981967995,9.817558538940993
E1790N3200,12.054117282507997,12.315847321568995,12.553673435162995,6.7870033462100015,15.77650731173099,13.244849971050995,8.217921377840002,9.437259402918999,13.845115576104995,13.041237193778992,10.263127216278997,9.831628080140998,11.314498992621,12.761076776852997,12.076938343404997,14.757797421767993,10.450068292948998,11.797473796598998,12.821739105618997,12.504503249992993,11.237326326096001,9.555714271366998,14.377879849450993,12.578477941477994,9.092833706457998,10.107605723879997,15.153032743270995,10.201025559664998,11.092082605957,13.269557456416997,12.173794299529998,10.149477812365998,13.127489220724996,14.494165956244995,14.879957513217992
E1790N3205,6.8404185903390005,7.1021486294,7.339974742993999,2.416006447955,10.562808619561993,8.031151278881998,3.3528111073239995,5.066262504663999,8.631416883935998,7.827538501609997,5.0494285241100005,5.460631181886,6.943502094365999,8.390079878598,6.863239651236001,9.544098729598996,6.079071394693998,7.426476898344001,8.450742207364003,7.290804557823998,6.4164711096400024,4.342015579198,9.164181157281996,7.364779249308998,4.721836808202999,5.736608825624999,9.939334051101998,4.987326867496,5.878383913788001,8.055858764247999,6.960095607361001,4.935779120197,7.9137905285559995,9.280467264075998,9.666258821048995
E1790N3210,7.526711533199001,7.788441572260001,8.026267685854,3.2424515290459994,11.249101562421991,8.717444221741998,3.7343419608899997,5.892707585754999,9.317709826795996,8.513831444469997,5.73572146697,6.287076262977,7.769947175456999,9.216524959689,7.549532594096001,10.230391672458994,6.9055164757849985,8.252921979435001,9.277187288455004,7.977097500683998,6.753746909146001,5.0283085220579995,9.850474100141994,8.051072192168998,5.548281889294,6.563053906715999,10.625626993961996,5.673619810356,6.564676856648001,8.742151707108,7.646388550221001,5.622072063057001,8.600083471416,9.966760206935996,10.352551763908995
E1790N3215,8.283202455729,8.436686191470999,8.241613204149001,3.9989424515759997,11.480373223105,9.115814041814001,3.7833664886999996,6.649198508284999,9.965954446006998,9.162076063680997,5.951066985265002,7.0435671855069995,8.526438097986999,9.973015882219,7.764878112390999,10.878636291670002,7.662007398314999,9.009412901965002,10.033678210985,8.733588423213996,6.802771436956001,5.784799444588,10.498718719353002,8.69931681138,6.304772811823999,7.319544829245999,11.273871613173002,6.430110732886,7.212921475859001,8.957497225403,7.861734068515999,6.2703166822680005,8.815428989711,10.615004826147002,11.00079638312
E1790N3220,9.366154351069003,9.627884390130003,9.607669179289001,4.742571100228999,12.846429198245001,10.481870016954003,5.149422463839998,7.392827156937996,11.157152644665995,10.353274262339998,7.317122960405,7.787195834159998,9.27006674664,10.716644530871998,9.130934087531001,12.069834490328994,8.405636046967997,9.753041550618,10.777306859637998,9.816540318553997,8.168827412096,6.867751339927999,11.689916918011997,9.890515010038998,7.048401460476997,8.063173477898996,12.465069811831997,7.513062628225999,8.404119674518,10.323553200543001,9.227790043656002,7.461514880926999,10.181484964851,11.806203024805997,12.191994581778996
E1795N3130,4.653981464203998,11.267674283662005,8.732925837379003,6.762785906274998,12.115209945555003,9.933198135985005,8.588480318472005,4.855537393121,12.343684088621004,11.993064155872004,6.876936180906,4.1026849021450005,3.1486240200969995,5.948030132594997,7.7988812342089995,12.087044586552004,3.1470498993099993,2.1901193522199995,0.72511964865,5.072993483369998,11.652140320788005,5.717617928787997,12.164993748798004,10.098733777670006,5.168258676487999,3.873771857929,13.048719210863998,6.328781590495,9.583337949539002,9.592333947853005,8.963567006026004,9.143431893777006,8.458886373669003,12.992734468761,11.900329372675003
E1795N3135,4.54283066245,11.156523481908001,8.621775035625,6.6516351045210005,12.004059143801,9.822047334231002,8.477329516718001,4.744386591367001,12.232533286867,11.881913354118,6.7657853791520015,3.991534100391,3.0374732183429995,5.836879330841,7.687730432455002,11.975893784798,3.0358990975559994,2.0789685504659996,0.721900097856,5.069773932575998,11.540989519034001,5.606467127034,12.053842947044,9.987582975916002,5.057107874734001,3.762621056175,12.937568409109996,6.217630788741001,9.472187147784998,9.481183146099001,8.852416204272,9.032281092023002,8.347735571915,12.881583667006996,11.789178570920999
E1795N3150,3.96493904153,10.222402230750003,7.769049390560001,5.582532387505,11.151333498735998,8.969321689166,7.501081146242003,3.675283874351,11.379807641802001,10.947792102959998,5.755428077556999,2.9224313833749997,2.10681607357,2.8364503787249995,6.835004787390002,11.123168139733002,1.96679638054,1.4439069374500002,2.4681722464699996,4.8110137547,10.564741148558003,4.537364410018,11.201117301978998,9.134857330851,3.9880051577179993,2.6935183391589996,12.084842764044998,5.482691787775999,8.619461502719998,8.628457501034,7.999690559207002,8.056032721547002,7.49500992685,12.028858021941998,10.936452925855997
E1795N3160,3.8781311559890006,8.662078086133002,6.389894105420002,3.4597089758129997,9.772178213595996,7.590166404026001,5.940757001625001,2.1037376931860003,10.000652356661995,9.387467958342997,4.5590592496880005,0.50477804588,2.3935106636460004,3.8627772446730004,5.455849502250001,9.744012854592997,1.4686709702029999,2.8160764738530006,3.8403417828729998,5.291693115255999,9.004417003941,3.340995582149,9.821962016838997,7.755702045711001,1.652256475906,1.46380764571,10.705687478904993,4.286322959907001,7.24030621758,7.2493022158940015,6.620535274067002,6.49570857693,6.115854641710001,10.649702736801991,9.557297640715994
E1795N3165,4.249886201339,8.457250614503002,6.185066633790001,3.1914220158029987,9.567350741965997,7.385338932396001,5.735929529995002,1.8989102215560003,9.795824885031996,9.182640486712998,4.414756962377002,0.63405736898,2.765265708995999,3.4233683804630006,5.2510220306200015,9.539185382962998,1.8404260155530001,3.1878315192029993,4.2120968282229985,5.6544904780400005,8.799589532311003,3.172854481345999,9.617134545209,7.550874574081,1.3839695158960004,1.6503808602499999,10.500860007274994,4.142020672596001,7.035478745949999,7.044474744264001,6.415707802437003,6.2908811052999996,5.9110271700800014,10.444875265171992,9.352470169085997
E1795N3170,4.878879497122999,7.948264879918999,6.375003231709001,2.6712076975280006,9.757287339885,7.575275530315,5.226943795410999,1.67685381377,9.477533134454998,8.673654752128998,4.136021627028,1.6675852783740004,3.3611313559999996,3.4150681170349997,5.440958628539001,9.729121980882,2.4694193113369995,3.816824814987,4.841090124006999,5.844427075959,8.290603797727,2.839952964829,9.711720375393995,7.588598311080999,0.4375886188,2.154238087259001,10.538583744274993,3.900834257376001,6.724500164306999,7.234411342183001,6.453431539437002,5.781895370715999,6.100963767999001,10.126583514594998,9.542406767005
E1795N3175,5.019223981512999,7.773932996114001,6.515347716099001,2.4492799448530005,9.897631824275003,7.715620014705,5.052512345164001,1.70498043073,9.303201250650002,8.499322868323995,4.164148243988,1.8079297627640003,3.50147584039,3.821058887135,5.5813031129290005,9.784314279840993,2.609763795727,3.957169299377001,4.981434608396999,5.9847715603489995,8.11617234748,2.8680795817890004,9.739846992353995,7.616724928040998,0.46571523575999996,2.2945825716490003,10.566710361234993,3.928960874336001,6.5501682805020005,7.374755826573001,6.481558156397001,5.607563486911,6.241308252389,9.952251630790002,9.682751251395
E1795N3180,5.478535410234999,7.393602353034001,6.923176123547998,2.0689493017730003,10.161936142503997,7.797376961212999,4.672181702084,2.069302430268,8.922870607570001,8.118992225243998,4.225887075506,2.2672411914860007,3.94654201997,4.280370315857,6.026369292509,9.835552453233,3.0690752244490005,4.416480728099001,5.440746037118998,6.429837739928999,7.735841704399998,2.929818413307001,9.455634880916001,7.656232972942998,0.9250266644820001,2.7396487512290006,10.230787774736001,3.9906997058539995,6.169837637422001,7.639060144801999,6.543296987915,5.227232843831,6.686374431969001,9.571920987710001,9.790145447723
E1795N3185,5.936557581653001,7.554338640969996,7.368162199116998,1.052641463486,10.606922218072997,8.242363036782,3.846827774236,2.514288505837,9.083606895505996,8.279728513179995,4.670873151074999,2.908657183059,4.391528095538999,5.838105879771,6.471355368078001,9.996288741169,3.5270973958669996,4.874502899516999,5.898768208537001,6.874823815498,6.910487776551998,3.3748044888760007,9.616371168852,7.816969260878993,2.1698628093759997,3.184634826798,10.391524062672,4.435685781422999,6.330573925357998,8.084046220370999,6.988283063484001,5.387969131766999,7.131360507538001,9.732657275646,10.118448832618999
E1795N3190,6.698843042641001,7.535137926800997,7.772964040394996,0.6756571067660001,10.995797916962996,8.464140576282993,3.827627060067,3.2765739668250005,9.064406181336993,8.260527799010994,5.433158612063,3.6709426440470008,5.153813556526998,6.600391340759,7.233640829066001,9.977088026999994,4.289382856855001,5.636788360505,6.6610536695250016,7.637109276486,6.8912870623829985,4.137089949864002,9.597170454682995,7.797768546709994,2.932148270364,3.946920287786001,10.372323348502993,5.197971242410999,6.311373211188998,8.488848061648994,7.393084904761998,5.368768417598,7.893645968526002,9.713456561476994,10.099248118449994
E1795N3195,7.018961168212001,7.855256052371996,8.093082165965996,0.9558039420450001,11.315916042533996,8.784258701853993,4.1477451856380005,3.5966920923960006,9.384524306907993,8.580645924581995,5.753276737634,3.991060769618001,5.473931682097999,6.9205094663299995,7.553758954637001,10.297206152570995,4.609500982426001,5.956906486076,6.981171795096001,7.957227402057001,7.211405187953998,4.457208075435003,9.917288580253995,8.117886672280994,3.252266395935,4.267038413357001,10.692441474073995,5.5180893679819984,6.631491336759998,8.808966187219996,7.7132030303329975,5.688886543169,8.213764094097002,10.033574687047995,10.419366244020994
E1795N3200,7.257681490049999,7.598202960229998,7.836029073823998,5.658000865661999,11.058862950392001,8.527205609711997,4.964995225335,5.157659837514999,9.127471214765999,8.323592832439997,5.5454828549399995,6.321693619342,6.697814461082999,9.525742238672999,7.359293982065999,10.040153060429,6.561444770161,7.368163646730999,8.68904566887,7.8749722382669995,8.028655227651,4.926183259640999,9.660235488111999,7.860833580138997,5.857499168277999,6.2189822010919995,10.435388381932,5.571494547938999,6.374438244618,8.551913095077998,7.456149938190999,5.431833451027,8.409844859386,9.776521594906,10.162313151879
E1795N3205,7.700498530902999,7.962228569964,8.200054683558,2.405610274005,11.422888560125992,8.891231219445997,4.212891047887999,5.055866330713999,9.491496824499997,8.687618442173996,5.9095084646739995,5.4502350079360005,6.933105920416,8.379683704648002,7.7233195918,10.404178670162995,6.068675220744,7.416080724394002,8.440346033414004,8.150884498387997,7.276551050204001,5.202095519761999,10.024261097845995,8.224859189872996,4.711440634253,5.726212651675,10.799413991665997,5.847406808059999,6.738463854352,8.915938704812,7.820175547925,5.795859060761,8.773870469119998,10.140547204639997,10.526338761612994
E1795N3210,7.9796820118689995,8.241412050929998,8.479238164523998,2.712568075571,11.702072041091993,9.170414700411998,4.492074528853999,5.362824132279997,9.770680305465998,8.966801923139995,6.18869194564,5.757192809501999,7.240063721981998,8.686641506214,8.002503072766,10.683362151128996,6.375633022309998,7.72303852596,8.74730383498,8.430067979353996,7.555734531170001,5.481279000727998,10.303444578811998,8.504042670838997,5.018398435818998,6.033170453240998,11.078597472631998,6.126590289025999,7.017647335318,9.195122185778,8.099359028891,6.075042541726999,9.053053950086,10.419730685605998,10.805522242578997
E1795N3215,8.174472807230002,8.51499427741,8.752820391003999,3.1725763204149993,11.975654267572,9.443996926891996,5.767005542,5.8228323771240005,10.044262531945996,9.240384149619997,6.4622741721200025,6.217201054346001,7.614605778263001,9.146649751058,8.276085299246,10.956944377609,6.835641267154001,8.183046770804003,9.207312079824002,8.791763555447002,8.786410490256,5.842974576821002,10.577026805291998,8.777624897318997,5.478406680663001,6.493178698085,11.352179699112,6.488285865119001,7.291229561798002,9.468704412257997,8.372941255371002,6.348624768207001,9.326636176565998,10.693312912086,11.079104469058999
E1795N3220,8.939507096249002,9.201237135310002,9.181021924469002,4.315923845408999,12.419781943425,10.055222762134003,4.722775209019998,6.966179902117997,10.730505389845996,9.926627007519997,6.8904757055850006,7.360548579339998,8.843419491819999,10.289997276051997,8.704286832711,11.643187235508995,7.978988792147996,9.326394295798,10.350659604817999,9.389893063733998,7.742180157276,6.441104085107999,11.263269663191997,9.463867755218999,6.621754205656997,7.636526223078997,12.038422557011996,7.086415373405999,7.9774724196980005,9.896905945723,8.801142788836001,7.034867626106999,9.754837710031001,11.379555769985997,11.765347326958995
E1800N3150,4.620102746530001,10.877565935750003,8.42421309556,6.237696092505,11.806497203735997,9.624485394166,8.156244851242002,4.330447579351,12.034971346802,11.602955807959997,6.410591782557,3.577595088375,2.76197977857,2.181286673725,7.490168492390002,11.778331844733,2.62196008554,2.09907064245,3.1233359514699996,5.4661774597,11.219904853558003,5.192528115018,11.856281006978998,9.790021035851,4.415352941945001,3.3486820441589993,12.740006469044996,6.137855492775999,9.274625207719996,9.283621206033999,8.654854264207001,8.711196426547001,8.15017363185,12.684021726941998,11.591616630855997
E1800N3160,5.537789281729,9.315451956260999,7.1835096279999995,4.0383947738699995,10.565793736175998,8.383781926606,6.594130871752999,2.897353215766,10.794267879241996,10.040841828470999,5.413199956587002,1.9345494939500003,4.053168789386,2.4234942435330002,6.24946502483,10.537628377172998,3.1283290959429997,4.475734599593001,5.499999908613,6.652933472249999,9.657790874069002,4.171297475555999,10.615577539418998,8.549317568290999,1.6424055513320002,2.93828394064,11.499303001484993,5.140463666806001,8.033921740159998,8.042917738474,7.414150796647002,7.1490824470579994,6.90947016429,11.443318259381993,10.350913163295996
E1800N3165,5.181345545039,8.959008219570999,6.827065891309999,3.68195103718,10.209349999485998,8.027338189916,6.237687135062999,2.540909479076,10.437824142551996,9.684398091780999,5.056756219897002,1.5781057572600004,3.6967250526960003,2.479319992183,5.89302128814,10.181184640482998,2.771885359253,4.119290862903001,5.143556171923,6.296489735559999,9.301347137379002,3.8148537388659993,10.259133802728998,8.192873831600998,1.285961814642,2.5818402039499997,11.142859264794994,4.784019930116001,7.677478003469998,7.686474001783999,7.057707059957002,6.792638710367999,6.5530264276,11.086874522691993,9.994469426605995
E1800N3175,6.418017570389998,8.333084513189002,7.862658283702999,3.008431461928,11.101418302658995,8.736859121368,5.611663862239,3.008784590423,9.862352767725,9.058474385398998,5.165369235661,3.2067233516410005,4.886024180124999,4.098646494636001,6.965851452664,10.775034613388,4.008557384604,5.355962888254001,6.380228197273999,7.369319900083999,8.675323864554999,3.869300573462001,10.395117041071,8.595715133098,1.864508824637,3.679130911384,11.170269934891001,4.930181866009,7.109319797577001,8.578542304957,7.4827791480700006,6.166715003986,7.625856592124,10.511403147865002,10.729627607878
E1800N3180,6.409863430336999,8.324930373136002,7.854504143649998,3.0002773218750005,11.093264162605996,8.728704981315,5.603509722186,3.00063045037,9.854198627672,9.050320245345999,5.157215095608,3.1985692115880004,4.877870040071999,4.106800634689002,6.957697312611,10.766880473334998,4.000403244551,5.347808748201,6.372074057220998,7.361165760030999,8.667169724502,3.861146433409001,10.386962901018,8.587560993044999,1.856354684584,3.6709767713310004,11.162115794838,4.922027725955999,7.1011656575240005,8.570388164904,7.474625008017,6.158560863932999,7.617702452071,10.503249007812,10.721473467825
E1800N3190,7.275239994094002,8.111534878253998,8.349360991847997,1.5231722069700002,11.572194868415998,9.040537527735994,4.404024011520001,3.8529709182780008,9.640803132789996,8.836924750463995,6.009555563516001,4.247339595500001,5.730210507979999,7.1767882922120005,7.810037780519002,10.553484978452996,4.865779808308002,6.213185311958001,7.237450620978002,8.213506227939,7.467684013835999,4.713486901317002,10.173567406135996,8.374165498162995,3.508545221817,4.523317239239001,10.948720299955996,5.7743681938639995,6.887770162641999,9.065245013101997,7.9694818562149985,5.945165369051001,8.470042919979,10.289853512929996,10.675645069902995
E1800N3200,7.813385673219997,8.153907143399998,8.391733256993998,1.7726471735750002,11.614567133562003,9.082909792881997,4.731804286709998,4.413535323926,9.683175397936001,8.879297015609994,6.101187038109999,4.8079040011480005,6.290774913627998,7.73735269786,7.914998165235998,10.595857243599001,5.426344213956,6.773749717606,7.798015026626,8.430676421437,7.751209234965999,5.274051306965003,10.215939671282,8.416537763308996,4.069109627465,5.0838816448870014,10.991092565102,6.127198731108998,6.930142427787999,9.107617278247998,8.011854121360997,5.987537634196999,8.965549042555999,10.332225778076001,10.718017335049
E1800N3205,8.213333375019998,8.5538548452,8.791680958793998,2.3266952084849994,12.014514835362004,9.482857494682,5.131751988509999,4.976951265194,10.083123099736001,9.279244717409998,6.5011347399099995,5.371319942416,6.854190854896,8.300768639128002,8.314945867036,10.995804945399003,5.989760155223999,7.337165658874001,8.361430967894005,8.830624123237001,8.151156936766,5.837467248233001,10.615887373082002,8.816485465108997,4.632525568732999,5.647297586154999,11.391040266902003,6.5271464329089985,7.330090129587999,9.507564980048,8.411801823161001,6.387485335996999,9.365496744356001,10.732173479876003,11.117965036849002
E1800N3210,9.670530015291995,9.932260054352993,10.170086167946993,4.403416078994001,13.392920044514987,10.861262703834992,6.182922532276999,7.053672135702997,11.461528308888992,10.65764992656299,7.879539949062999,7.448040812924998,8.930911725404997,10.377489509636995,9.693351076188996,12.37421015455199,8.066481025732998,9.413886529383,10.438151838402995,10.12091598277699,9.246582534593,7.1721270041509975,11.994292582234992,10.194890674261991,6.709246439241998,7.724018456663997,12.769445476054992,7.8174382924489985,8.708495338740997,10.885970189200995,9.790207032313996,7.765890545149999,10.743901953508994,12.110578689028992,12.496370246001991
E1800N3215,8.943261447598998,9.204991486659996,9.442817600253996,3.676147511301,12.66565147682199,10.133994136141995,5.455653964583999,6.326403568009998,10.734259741195995,9.930381358869992,7.152271381369999,6.7207722452319985,8.203643157711998,9.650220941943997,8.966082508495997,11.646941586858993,7.339212458039998,8.68661796169,9.710883270709997,9.393647415083993,8.5193139669,6.444858436457999,11.267024014541994,9.467622106568994,5.981977871548998,6.996749888970998,12.042176908361995,7.090169724755999,7.981226771048,10.158701621507996,9.062938464620999,7.038621977456999,10.016633385815997,11.383310121335995,11.769101678308992
E1800N3220,9.471433416888996,9.733163455949994,9.970989569543994,4.204319480591001,13.193823446111988,10.662166105431995,5.859100240899999,6.854575537299996,11.262431710485993,10.458553328159992,7.680443350659998,7.248944214521997,8.731815127001996,10.178392911233995,9.494254477785997,12.175113556148991,7.867384427329997,9.21478993098,10.239055239999995,9.921819384373991,8.878505189156,6.9730304057479975,11.795195983831993,9.995794075858992,6.510149840838997,7.5249218582609965,12.570348877651993,7.618341694045998,8.509398740337998,10.686873590797996,9.591110433910996,7.566793946746998,10.544805355105995,11.911482090625993,12.297273647598992
E1800N3225,9.444884056397997,9.706614095458995,9.944440209052996,4.1777701201,13.16727408562099,10.635616744940995,5.608688151729999,6.828026176808997,11.235882349994993,10.432003967668992,7.653893990168998,7.2223948540309975,8.705265766510998,10.151843550742997,9.467705117294997,12.148564195657993,7.840835066838997,9.188240570488999,10.212505879508997,9.895270023882993,8.628093099986001,6.946481045256998,11.768646623340993,9.969244715367994,6.483600480347997,7.498372497769997,12.543799517160995,7.591792333554998,8.482849379846998,10.660324230306996,9.564561073419998,7.540244586255998,10.518255994614996,11.884932730134995,12.270724287107992
E1805N3130,6.146672258879,12.760365078337003,10.225616632054,8.255476700950002,13.60790074023,11.425888930660003,10.081171113147002,6.348228187796002,13.836374883296001,13.485754950547001,8.369626975581003,5.5953756968200015,4.6413148147720005,4.158932515529999,9.291572028884001,13.579735381227001,4.639740693985001,3.6828101468949996,2.325741694285,6.673615529004999,13.144831115463003,7.210308723463,13.657684543473001,11.591424572345003,6.6609494711630015,5.366462652604001,14.541410005538998,7.821472385170002,11.076028744214,11.085024742528002,10.456257800701001,10.636122688452003,9.951577168344002,14.485425263435998,13.393020167350002
E1805N3150,5.360390875030001,11.348111218373997,9.16450122406,6.071054035982999,12.546785332235997,10.364773522665999,8.626790133865997,4.930012477879,12.775259475302,12.073501090583997,7.150879911057,4.042203970863001,3.5022679070700002,1.440998545225,8.230456620890003,12.518619973233001,3.3622482140399996,2.8393587709499997,3.8636240799699992,6.2064655882,11.690450136182001,5.932816243518,12.596569135478997,10.530309164351,3.675064813445,4.088970172658999,13.480294597544997,6.878143621276,10.014913336219998,10.023909334533998,9.395142392707001,9.181741709170996,8.890461760350002,13.424309855441997,12.331904759355997
E1805N3160,6.290512610188999,9.993180069921,7.861237741659999,4.71612288753,11.243521849835998,9.061510040265999,7.271858985412998,3.575081329426,11.471995992901997,10.718569942131,6.090928070247001,2.6872728224100006,4.805892117846,1.370152927033,6.92719313849,11.215356490832999,3.881052424403,4.1942899194029994,5.218555228422999,7.330661585909999,10.335518987729003,4.849025589216,11.293305653079,9.227045681950997,2.320133664992,3.64047259721,12.177031115144995,5.818191780466001,8.711649853819997,8.720645852134,8.091878910307,7.826810560717998,7.58719827795,12.121046373041994,11.028641276955998
E1805N3165,5.852163053648999,9.554830513380999,7.42288818512,4.277773330990001,10.805172293295998,8.623160483725998,6.833509428872999,3.1367317728860002,11.033646436361996,10.280220385590999,5.6525785137070015,2.2489232658700002,4.367542561305999,1.8085024835730001,6.48884358195,10.777006934292999,3.4427028678629994,4.632639475943,5.6569047849629985,6.892312029369998,9.897169431189003,4.410676032675999,10.854956096538999,8.788696125410997,1.881784108452,3.20212304067,11.738681558604995,5.379842223926,8.273300297279997,8.282296295593998,7.653529353767001,7.388461004177999,7.148848721409999,11.682696816501993,10.590291720415996
E1805N3175,6.301324721733,9.056324482124003,7.797448456319001,3.7316714308630003,11.179732564495,8.997720754925002,6.334903831174,2.9870811709500003,10.58559273666,9.781714354334,5.446248984208,3.0900305029840007,4.78357658061,3.3754065257010013,6.863403853149001,11.06641502006099,3.891864535946999,5.239270039597001,6.263535348616999,7.266872300569001,9.39856383349,4.150180322009,11.021947732573992,8.898825668261,1.7478159759799998,3.576683311869,11.84881110145499,5.211061614556001,7.832559766512,8.656856566793001,7.763658896617002,6.889954972920999,7.523408992609002,11.234643116800001,10.964851991614998
E1805N3185,7.457442330763998,9.372509273563,8.902083044076997,4.047856222302,12.140843063032994,9.776283881741998,6.651088622613,4.048209350797,10.901777528098997,10.097899145772995,6.204793996035,4.246148112015,5.925448940498999,6.259277236386,8.005276213038,11.814459373761997,5.0479821449780005,6.395387648628001,7.419652957647998,8.408744660457998,9.714748624928996,4.908725333836001,11.434541801444999,9.635139893471996,2.903933585011,4.718555671758001,12.209694695264998,5.9696066263829985,8.148744557951,9.617967065330998,8.522203908443998,7.20613976436,8.665281352497999,11.550827908238999,11.769052368251998
E1805N3195,8.232315751285004,9.068610635445,9.306436749038998,2.1719182623710003,12.529270625606996,9.997613284926992,5.361099768711,4.8100466754690006,10.597878889980993,9.794000507654994,6.966631320707002,5.204415352691,6.687286265171,8.133864049403002,8.767113537710001,11.510560735643994,5.822855565499002,7.170261069149002,8.194526378169003,9.170581985130003,8.424759771027,5.670562658508003,11.130643163326996,9.331241255353996,4.4656209790079995,5.480392996430002,11.905796057146993,6.731443951055,7.844845919833,10.022320770292994,8.926557613405999,6.902241126242002,9.427118677170004,11.246929270120994,11.632720827093994
E1805N3205,8.972300446749998,9.312821916929998,9.550648030523996,3.0276214148349996,12.773481907092004,10.241824566412,5.814622506974999,5.677877471544,10.842090171466001,10.038211789139996,7.2601018116399985,6.072246148765999,7.5551170612459995,9.001694845478001,9.073912938765998,11.754772017129001,6.690686361573999,8.038091865224,9.062357174244001,9.589591194967,8.878282509291003,6.538393454583,11.374854444812001,9.575452536838995,5.333451775082999,6.3482237925049985,12.150007338632001,7.2861135046389975,8.089057201317997,10.266532051778,9.170768894890998,7.146452407726998,10.124463816086,11.491140551606001,11.876932108579002
E1805N3210,9.163556554469,9.42528659353,9.663112707123998,3.7783432333450007,12.885946583691991,10.354289243011998,5.6759490714539975,6.4285992900540005,10.954554848065996,10.150676465739997,7.372566488239999,6.822967967276,8.305838879756,9.752416663988,9.186377615366,11.867236693728996,7.441408180083999,8.788813683734002,9.813078992754,9.613942521953998,8.739609073770001,6.665153543327998,11.487319121411996,9.687917213438997,6.084173593593,7.098945611014999,12.262472015231998,7.310464831625998,8.201521877918,10.378996728377999,9.283233571491001,7.258917084326998,10.236928492685998,11.603605228205998,11.989396785178995
E1805N3215,9.870821705779997,10.132551744840995,10.370377858434995,4.603707769481999,13.59321173500299,11.061554394322995,6.383214222764999,7.253963826190998,11.661819999376995,10.857941617050992,8.079831639551,7.648332503412998,9.131203415892998,10.577781200124997,9.893642766676997,12.574501845039993,8.266772716220997,9.614178219871,10.638443528890997,10.321207673264993,9.439823553584999,7.3724186946389985,12.194584272722993,10.395182364749994,6.909538129729998,7.924310147151997,12.969737166542995,8.017729982936999,8.908787029229002,11.086261879688996,9.990498722801998,7.966182235637999,10.944193643996996,12.310870379516995,12.696661936489992
E1805N3220,9.860980375653995,10.122710414714993,10.360536528308993,4.593866439355999,13.583370404876987,11.051713064196992,6.312793213534,7.244122496064999,11.651978669250992,10.84810028692499,8.069990309425,7.638491173287,9.121362085766997,10.567939869998995,9.883801436550995,12.56466051491399,8.256931386095,9.604336889744998,10.628602198764995,10.31136634313899,9.332198161789998,7.362577364512999,12.18474294259699,10.385341034623991,6.8996967996039995,7.914468817025999,12.959895836416992,8.007888652811,8.898945699102999,11.076420549562995,9.980657392675996,7.9563409055120005,10.934352313870994,12.301029049390992,12.68682060636399
E1810N3125,8.050821690891,14.412998651345996,12.129766064066,9.135941468954998,15.512050172241999,13.330038362672001,11.691677566837996,7.994899910851002,15.740524315307999,15.138388523555996,10.273776407593001,7.107091403835002,6.545464246784001,3.4658033598619995,11.195721460896,15.483884813239,6.5438901259970015,5.586959578907,4.229891126297001,8.577764961017,14.755337569154,9.114458155474999,15.561833975485,13.495574004357001,6.739952246417,7.270612084616002,16.445559437550997,9.725621817182,12.980178176225998,12.98917417454,12.360407232713,12.246629142142995,11.855726600356,16.389574695447997,15.297169599362
E1810N3130,7.040833592179,13.654526411637004,11.119777965354002,8.934909291322999,14.502062073530002,12.320050263960004,10.975332446447002,7.242389521096002,14.730536216596,14.379916283847002,9.263788308881002,6.489537030120002,5.535476148072001,3.264771182229999,10.185733362184003,14.473896714527001,5.533902027285001,4.576971480195,3.219903027585,7.567776862304999,14.038992448763004,8.104470056763,14.551845876773003,12.485585905645005,6.538920068785,6.260623985904002,15.435571338838997,8.715633718470002,11.970190077514001,11.979186075828004,11.350419134001003,11.530284021752005,10.845738501644002,15.379586596735999,14.287181500650002
E1810N3145,7.523225954035001,12.328582659273998,10.196640331012997,7.051525476883,13.578924439188997,11.396912629618997,9.607261574765998,5.910483918779001,13.807398582254995,13.053972531483998,8.426330659600001,5.022675411763001,5.6651029860749995,1.3813873677900002,9.262595727842998,13.550759080185998,5.525083293044999,5.002193849955,5.103286842025001,8.369300667205001,12.670921577082002,7.184428178568999,13.628708242431998,11.562448271303996,4.655536254344999,5.975875186563,14.512433704497992,8.153594369819,11.047052443172996,11.056048441486997,10.42728149966,10.162213150070997,9.922600867302998,14.456448962394992,13.364043866308995
E1810N3150,6.189382776130001,11.033195435118998,8.901253106857997,5.756138252727999,12.283537215033997,10.101525405463997,8.311874350611,4.6150966946239995,12.512011358099995,11.758585307328998,7.130943435445,3.7272881876080004,4.33125980817,0.6120066441249999,7.967208503687999,12.255371856030997,4.19124011514,3.6683506720499994,4.69261598107,7.035457489300001,11.375534352927001,5.889040954413998,12.333321018276997,10.267061047148996,3.3601490301899997,4.680487962408,13.217046480342994,6.858207145663999,9.751665219017996,9.760661217331997,9.131894275505,8.866825925915997,8.627213643148,13.161061738239992,12.068656642153995
E1810N3155,6.444686601975,10.897774079875001,8.765831751614,5.620716897484,12.14811585979,9.96610405022,8.176452995366999,4.47967533938,12.376590002855997,11.623163952085001,6.995522080201001,3.5918668323640004,4.586563634015,0.55216127545,7.831787148444,12.119950500786999,4.446543940984999,3.9236544978949994,4.9479198069149986,7.290761315145,11.240112997683003,5.7536195991699985,12.197899663033,10.131639691904999,3.2247276749459997,4.545066607164,13.081625125098995,6.72278579042,9.616243863773997,9.625239862088,8.996472920261002,8.731404570672,8.491792287904001,13.025640382995995,11.933235286909998
E1810N3160,6.620622620794999,10.823587056294,8.691644728033,5.546529873903,12.073928836209,9.891917026639,8.102265971785998,4.405488315799,12.302402979274998,11.548976928504,6.921335056620001,3.517679808783001,4.7624996528349985,0.8449316563999999,7.757600124863,12.045763477205998,4.622479959804998,4.099590516715,5.1238558257349975,7.466697333964999,11.165925974102004,5.679432575589,12.123712639452,10.057452668323998,3.150540651365,4.470879583583001,13.007438101517995,6.648598766839001,9.542056840192998,9.551052838507,8.922285896680002,8.657217547091,8.417605264322999,12.951453359414995,11.859048263328997
E1810N3165,6.524206364176,10.219554395241001,8.087612066979998,4.942497212849999,11.469896175156,9.287884365586,7.4982333107329975,3.8014556547460003,11.698370318221999,10.944944267451001,6.317302395567,3.00199939305,5.039585871832999,2.3942820628900003,7.153567463809999,11.441730816153,4.114746178389999,5.462151682039999,6.48641699106,7.557035911229997,10.561893313049005,5.075399914535999,11.519679978399001,9.453420007271,2.546507990312,3.86684692253,12.403405440464995,6.044566105786,8.93802417914,8.947020177454,8.318253235627003,8.053184886037998,7.813572603269998,12.347420698361995,11.255015602275998
E1810N3170,7.096196243244,9.851196003635001,8.59231997783,4.526542952373999,11.974604086005998,9.792592276436,7.129775352684999,3.781952692461001,11.380464258171,10.576585875844998,6.241120505719,3.884902024495001,5.5784481021209995,2.63652419458,7.658275374660001,11.86128654157199,4.686736057457999,5.891183054895,6.915448363914998,8.06174382208,10.193435355000998,4.945051843519999,11.81681925408499,9.693697189772,2.5426874974910008,4.3715548333799985,12.64368262296599,6.005933136067,8.627431288022999,9.451728088304,8.558530418128,7.684826494431999,8.318280514120003,12.029514638311001,11.759723513125996
E1810N3180,7.632181429336998,9.547248372136002,9.076822142649998,4.2225953208750004,12.315582161605997,9.951022980314999,6.825827721185999,4.2229484493700005,11.076516626672001,10.272638244345998,6.379533094607999,4.420887210588001,6.100188039071999,5.329118633689001,8.180015311611,11.989198472335,5.222721243551,6.570126747201001,7.594392056220998,8.583483759030997,9.889487723501999,5.083464432409001,11.609280900018,9.809878992045,3.078672683584,4.893294770331,12.384433793838001,6.144345724955999,8.323483656524001,9.792706163904,8.696943007017,7.380878862932999,8.840020451070998,11.725567006812001,11.943791466825
E1810N3185,7.371268660833998,9.286335603633,8.815909374146997,3.9616825523720003,12.054669393102994,9.690110211811998,6.564914952683,3.9620356808670003,10.815603858168997,10.011725475842995,6.118620326105,4.159974442085,5.839275270568999,6.173103566456,7.919102543108,11.728285703831997,4.9618084750480005,6.309213978698001,7.333479287717998,8.322570990527998,9.628574954998996,4.822551663906001,11.348368131514999,9.548966223541996,2.817759915081,4.632382001828001,12.123521025334998,5.883432956452999,8.062570888021,9.531793395400998,8.436030238513998,7.11996609443,8.579107682567999,11.464654238308999,11.682878698321998
E1810N3190,8.916617992794002,9.752912876953998,9.990738990547996,3.1645502056700003,13.213572867115998,10.681915526435994,6.045402010220001,5.494348916978001,11.282181131489995,10.478302749163994,7.650933562216002,5.888717594200001,7.37158850668,8.818166290912,9.451415779219001,12.194862977152995,6.507157807008001,7.854563310658,8.878828619678004,9.854884226639,9.109062012536,6.354864900017002,11.814945404835997,10.015543496862994,5.1499232205170005,6.164695237939,12.590098298655995,7.415746192564,8.529148161342,10.706623011801996,9.610859854914999,7.586543367751001,10.111420918679002,11.931231511629996,12.317023068602996
E1810N3195,8.720700965929003,9.556995850088999,9.794821963682999,2.6603034770150003,13.017655840250997,10.485998499570993,5.849484983355,5.298431890113,11.086264104624993,10.282385722298994,7.455016535351001,5.6928005673349995,7.175671479815,8.622249264047003,9.255498752354002,11.998945950287995,6.3112407801430015,7.658646283793002,8.682911592813003,9.658967199774002,8.913144985671,6.158947873152003,11.619028377970995,9.819626469997997,4.954006193651999,5.968778211074001,12.394181271790995,7.219829165698999,8.333231134477,10.510705984936994,9.41494282805,7.390626340886001,9.915503891814003,11.735314484764995,12.121106041737994
E1810N3200,9.584134298449998,9.924655768629997,10.162481882223997,3.6394552665349997,13.385315758792004,10.853658418111998,6.426456358674999,6.289711323244,11.453924023166001,10.650045640839995,7.871935663339999,6.6840800004659995,8.166950912946,9.613528697178001,9.685746790465997,12.366605868829001,7.302520213273999,8.649925716924,9.674191025944001,10.201425046666998,9.490116360991001,7.150227306283,11.986688296512,10.187286388538995,5.945285626782999,6.960057644204999,12.761841190332001,7.897947356338998,8.700891053017997,10.878365903477999,9.782602746590998,7.758286259426998,10.736297667786,12.102974403306002,12.488765960279
E1810N3205,9.62791729468,9.968438764859998,10.206264878454,3.749186762335,13.429098755022002,10.897441414341996,6.554243542359999,6.399442819044,11.497707019396,10.693828637069997,7.91571865957,6.7938114962660014,8.276682408746002,9.723260192978001,9.729529786695998,12.410388865059,7.412251709074,8.759657212724003,9.783922521744003,10.245208042897,9.573648490616,7.259958802083002,12.030471292741998,10.231069384768999,6.055017122583,7.069789140005001,12.805624186562,7.9417303525689995,8.744674049248001,10.922148899707997,9.826385742821,7.802069255657,10.780080664016,12.146757399536,12.532548956508998
E1810N3210,9.795159811165998,10.056889850226998,10.294715963820998,4.409946490042,13.517549840388991,10.985892499708996,6.307552328150998,7.060202546751001,11.586158104762996,10.782279722436995,8.004169744937,7.454571223973001,8.937442136453,10.384019920684999,9.817980872062998,12.498839950425994,8.073011436781,9.420416940431002,10.444682249451,10.245545778650996,9.371212330467001,7.2967568000249985,12.118922378108994,10.319520470135997,6.715776850290001,7.730548867712,12.894075271928996,7.942068088322999,8.833125134615,11.010599985074998,9.914836828188,7.890520341023999,10.868531749382997,12.235208484902996,12.621000041875993
E1810N3215,10.132285638278999,10.394015677339999,10.631841790933999,4.747072317155001,13.854675667501992,11.323018326821996,6.644678155264001,7.397328373864003,11.923283931875996,11.119405549549995,8.34129557205,7.791697051086003,9.274567963566,10.721145747798,10.155106699176,12.835965777538995,8.410137263894,9.757542767544003,10.781808076564001,10.582671605763997,9.708338157580002,7.633882627138,12.456048205221997,10.656646297248997,7.052902677403003,8.067674694825001,13.231201099041996,8.279193915436,9.170250961728,11.347725812188,10.251962655301,8.227646168137,11.205657576495998,12.572334312015997,12.958125868988995
E1810N3220,10.059956630136998,10.321686669197998,10.559512782791996,4.674743309013001,13.78234665935999,11.250689318679996,6.572349147122001,7.324999365722003,11.850954923733994,11.047076541407995,8.268966563908,7.719368042944003,9.202238955423997,10.648816739655999,10.082777691033998,12.763636769396994,8.337808255752002,9.685213759402,10.709479068421999,10.510342597621996,9.636009149438,7.561553618996,12.383719197079994,10.584317289106995,6.980573669261003,7.995345686683002,13.158872090899996,8.206864907294001,9.097921953585997,11.275396804045997,10.179633647159,8.155317159995,11.133328568353996,12.500005303873996,12.885796860846993
E1815N3130,7.590266765079,13.904122870213998,11.669211138254001,8.627065687823,15.051495246430001,12.869483436860003,11.182801785706,7.486024129719,15.279969389496,14.629512742423998,9.813221481781001,6.598215622703001,6.084909320972001,2.95692757873,10.735166535084002,15.023329887427,6.083335200185001,5.126404653094999,3.7693362004849997,8.117210035205,14.246461788022001,8.653903229663,15.101279049673002,13.035019078545004,6.231076465285,6.8100571588040015,15.985004511738996,9.265066891370001,12.519623250413998,12.528619248728003,11.899852306901,11.737753361010997,11.395171674544,15.929019769635998,14.83661467355
E1815N3135,7.763961791419001,13.488838274473997,11.356895946212997,8.211781092083,14.739180054388997,12.557168244818996,10.767517189965998,7.070739533979001,14.967654197454994,14.214228146683997,9.586586274800002,6.182931026963002,6.2586043473120005,2.54164298299,10.422851343042998,14.711014695385996,6.257030226525001,5.300099679434999,3.943031226825,8.290905061544999,13.831177192282,8.344683793769,14.788963857631998,12.722703886503997,5.8157918695449995,6.983752185144001,15.672689319697993,9.313849985019,12.207308058372995,12.216304056686997,11.587537114859998,11.322468765270996,11.082856482502999,15.616704577594993,14.524299481508995
E1815N3150,6.841704187655001,11.647060892893998,9.515118564632997,6.370003710503,12.897402672808997,10.715390863238998,8.925739808385998,5.228962152399,13.125876815874996,12.372450765103999,7.744808893220001,4.341153645383001,4.983581219694999,0.69986560141,8.581073961462998,12.869237313805998,4.843561526664999,4.320672083574999,5.344937392594999,7.687778900825,11.989399810702002,6.502906412188999,12.947186476051998,10.880926504923996,3.9740144879650003,5.294353420183,13.830911938117994,7.472072603439,10.365530676792996,10.374526675106997,9.74575973328,9.480691383690997,9.241079100922999,13.774927196014993,12.682522099928995
E1815N3155,7.197730079995,11.650817557895,9.518875229633998,6.373760375503999,12.901159337809998,10.719147528239999,8.929496473386996,5.2327188173999994,13.129633480875997,12.376207430105,7.748565558221,4.344910310384001,5.339607112034999,0.45359377952,8.584830626463999,12.872993978807,5.199587419004999,4.676697975914999,5.700963284934998,8.043804793164998,11.993156475703003,6.506663077189998,12.950943141053,10.884683169924998,3.9777711529659996,5.298110085183999,13.834668603118995,7.475829268439999,10.369287341793997,10.378283340107998,9.749516398281001,9.484448048691998,9.244835765924002,13.778683861015994,12.686278764929996
E1815N3165,7.468773608015999,10.982016188775,9.03217931082,5.657363137514,12.414463418996002,10.232451609426002,8.260595537825001,4.746022898586,12.511284443310998,11.707406060984997,7.261869639407,3.94656663689,5.804954166964998,1.8873861705300001,8.098134707649999,12.386298059993,5.059313422229999,5.142045030844999,6.166310339864998,8.501603155069999,11.324255540140998,6.019967158375998,12.464247222239003,10.397987251111001,3.491075234152,4.8114141663700005,13.347972684304997,6.989133349625999,9.758251473162998,9.891587421294002,9.262820479467004,8.815646679572001,8.75813984711,13.160334823450999,12.199582846116
E1815N3170,7.707396170353,10.462395930744002,9.203519904939002,5.1377428794830005,12.585804013114998,10.403792203545,7.740975279794,4.39315261957,11.99166418528,11.187785802953998,6.852320432828001,4.496101951604,6.189648029230001,2.6565747126390002,8.269475301769003,12.47248646868099,5.297935984566999,5.911233572954,6.935498881973999,8.672943749189002,10.804635282109999,5.556251770629,12.42801918119399,10.304897116881,3.1538874246,4.982754760489,13.25488255007499,6.617133063176001,9.238631215132,10.062928015413002,9.169730345237001,8.296026421540999,8.929480441229003,12.640714565420001,12.370923440234998
E1815N3175,7.7895411617359995,10.544540922127,9.285664896322,5.219887870866,12.667949004497997,10.485937194927999,7.823120271176999,4.475297610953,12.073809176662998,11.269930794336997,6.934465424211,4.578246942987,6.271793020613,2.7387197040220004,8.351620293152001,12.55463146006399,5.380080975949999,5.993378564336999,7.017643873356998,8.755088740572,10.886780273492997,5.6383967620119995,12.510164172576989,10.387042108263998,3.2360324159830003,5.064899751871999,13.337027541457989,6.6992780545590005,9.320776206514997,10.145073006796,9.25187533662,8.378171412923997,9.011625432612002,12.722859556803,12.453068431617996
E1815N3185,8.618665059645998,10.533732002445001,10.063305772958998,5.209078951184,13.302065791914996,10.937506610623998,7.812311351495,5.209432079679,12.063000256980999,11.259121874654996,7.366016724916999,5.407370840896999,7.086671669380999,7.420499965267999,9.16649894192,12.975682102643997,6.20920487386,7.55661037751,8.580875686529998,9.56996738934,10.875971353810998,6.069948062718001,12.595764530327001,10.796362622353998,4.0651563138930005,5.879778400639999,13.370917424146999,7.130829355264998,9.309967286833002,10.779189794212998,9.683426637325999,8.367362493241998,9.826504081380001,12.712050637121,12.930275097133999
E1815N3190,8.490635553733998,10.405702496533001,9.935276267046998,5.081049445272001,13.174036286002996,10.809477104712,7.6842818455829995,5.081402573767,11.934970751068999,11.131092368742996,7.237987219004999,5.279341334984999,6.9586421634689986,7.292470459355999,9.038469436008,12.847652596731997,6.081175367948,7.428580871598,8.452846180617998,9.441937883428,10.747941847898998,5.941918556806001,12.467735024415001,10.668333116441998,3.937126807981,5.751748894728,13.242887918234999,7.002799849352998,9.181937780921002,10.651160288300998,9.555397131414,8.239332987329998,9.698474575468001,12.584021131209,12.802245591221999
E1815N3200,10.275415205249997,10.615936675429998,10.853762789023996,4.330736173335,14.076596665592003,11.544939324911999,7.117737265474998,6.9809922300439995,12.145204929966,11.341326547639996,8.563216570139998,7.375360907265999,8.858231819745999,10.304809603978,10.377027697265998,13.057886775629003,7.993801120073998,9.341206623724002,10.365471932744002,10.892705953466999,10.181397267791002,7.841508213082999,12.677969203312001,10.878567295338994,6.636566533582999,7.651338551004998,13.453122097132002,8.589228263138997,9.392171959817999,11.569646810278,10.473883653390997,8.449567166226998,11.427578574585999,12.794255310106003,13.180046867079001
E1815N3205,10.320674235809998,10.661195705989998,10.899021819583998,4.441943703465,14.121855696152,11.590198355471996,7.247000483489999,7.092199760174,12.190463960525998,11.386585578199997,8.6084756007,7.486568437396001,8.969439349876,10.416017134108001,10.422286727825998,13.103145806189,8.105008650204,9.452414153854003,10.476679462874003,10.937964984027,10.266405431746,7.952715743213002,12.723228233871998,10.923826325898997,6.747774063713,7.762546081135,13.498381127692,8.634487293699,9.437430990378,11.614905840837997,10.519142683951,8.494826196787,11.472837605145997,12.839514340666,13.225305897638998
E1815N3210,10.784021122116,11.045751161177,11.283577274771,5.398807800992001,14.506411151338993,11.974753810658997,7.296413639101,8.049063857701002,12.575019415712998,11.771141033386996,8.993031055887,8.443432534923001,9.926303447403003,11.372881231635,10.806842183013002,13.487701261375996,9.061872747731,10.409278251381004,11.433543560401002,11.234407089600998,10.360073641417003,8.285618110975,13.107783689058998,11.308381781085998,7.704638161240002,8.719410178661999,13.882936582878997,8.930929399273,9.821986445565003,11.999461296025,10.903698139138001,8.879381651973999,11.857393060333,13.224069795852998,13.609861352825996
E1815N3215,10.790462390849001,11.05219242991,11.290018543503999,5.4052490697249995,14.512852420071994,11.981195079391998,7.302854907834,8.055505126434001,12.581460684445998,11.777582302119995,8.999472324620003,8.449873803656002,9.932744716136002,11.379322500368,10.813283451746,13.494142530108997,9.068314016464,10.415719520114004,11.439984829134,11.240848358333997,10.36651491015,8.292059379708,13.114224957791995,11.314823049818997,7.711079429973003,8.725851447395002,13.889377851611998,8.937370668006,9.828427714298002,12.005902564758,10.910139407871002,8.885822920707001,11.863834329066,13.230511064585999,13.616302621558994
E1815N3220,10.737226325818998,10.998956364879998,11.236782478473996,5.352013004694999,14.45961635504199,11.927959014361996,7.249618842804,8.002269061404002,12.528224619415994,11.724346237089994,8.94623625959,8.396637738626003,9.879508651105999,11.326086435337999,10.760047386715998,13.440906465078994,9.015077951434002,10.362483455084,11.386748764103999,11.187612293303996,10.31327884512,8.238823314678001,13.060988892761994,11.261586984788995,7.657843364943002,8.672615382365002,13.836141786581996,8.884134602976,9.775191649267997,11.952666499727997,10.856903342841,8.832586855677,11.810598264035995,13.177274999555996,13.563066556528993
E1820N3150,7.291212784155001,12.096569489393998,9.964627161132997,6.8195123070029995,13.346911269308997,11.164899459738997,9.375248404886,5.678470748899,13.575385412374995,12.821959361603998,8.194317489720001,4.790662241883,5.433089816194999,0.9209776129099999,9.030582557962997,13.318745910305998,5.293070123164999,4.770180680074999,5.794445989094999,8.137287497325,12.438908407202002,6.952415008688998,13.396695072551998,11.330435101423996,4.423523084465001,5.743862016683,14.280420534617994,7.921581199939,10.815039273292996,10.824035271606997,10.19526832978,9.930199980190997,9.690587697423,14.224435792514992,13.132030696428997
E1820N3205,11.158164331225999,11.419894370286999,11.657720483880997,5.772951010102002,14.88055436044899,12.348897019768996,7.6705568482110005,8.423207066811,12.949162624822995,12.145284242496995,9.367174264996999,8.817575744033,10.300446656513001,11.747024440745,11.180985392122999,13.861844470485995,9.436015956840999,10.783421460491,11.807686769511,11.608550298710997,10.734216850527,8.659761320084998,13.481926898168995,11.682524990195995,8.078781370350002,9.093553387771998,14.257079791988996,9.305072608382998,10.196129654675,12.373604505134997,11.277841348248,9.253524861083998,12.231536269442996,13.598213004962997,13.984004561935993
E1820N3215,11.348094576550002,11.609824615611002,11.847650729204998,5.962881255426,15.070484605772993,12.538827265093,7.860487093535,8.613137312135002,13.139092870146998,12.335214487820997,9.557104510321004,9.007505989357004,10.490376901837003,11.936954686069,11.370915637447002,14.051774715809998,9.625946202165002,10.973351705815004,11.997617014835,11.798480544034998,10.924147095851001,8.849691565409001,13.671857143492996,11.872455235519997,8.268711615674004,9.283483633096003,14.447010037313,9.495002853707001,10.386059899999001,12.563534750459,11.467771593572003,9.443455106408003,12.421466514767001,13.788143250287,14.173934807259995
