,deliveries,pickups,total_demand
0.5,1461.0,2634.0,4101.0
0.75,1667.0,2973.0,4624.0
0.9,1905.4,3392.6000000000004,5278.4
0.95,2066.6000000000004,3718.0000000000005,5759.8
0.99,2369.3600000000015,4360.440000000001,6680.520000000004
