,deliveries,pickups,total_demand,pickup_share,delivery_share
count,365.0,365.0,365.0,311.0,311.0
mean,1321.7589041095891,2381.945205479452,3703.7041095890413,0.6431066087953463,0.3568933912046537
std,616.9452412686805,1109.9774684676242,1725.7114363817866,0.007849926297643455,0.007849926297643452
min,0.0,0.0,0.0,0.6218390804597701,0.3350288233299423
25%,1259.0,2247.0,3517.0,0.6379998881875923,0.3524178710865976
50%,1461.0,2634.0,4101.0,0.6429122716748135,0.35708772832518654
75%,1667.0,2973.0,4624.0,0.6475821289134024,0.3620001118124077
max,2989.0,5270.0,8259.0,0.6649711766700577,0.3781609195402299
